"","F_X_to_Y","F_Y_to_X","SMBB_X_to_Y","SMBB_Y_to_X","AR sieve_X_to_Y","AR sieve_Y_to_X","R.Wald_X_to_Y","R.Wald_Y_to_X","TY_X_to_Y","TY_Y_to_X"
"10002",0,4.10713393059292e-05,0.0099009900990099,0.0099009900990099,0.0099009900990099,0.0198019801980198,1.63853555447899e-155,8.61294352277299e-05,0,4.9152822917795e-05
"10003",0,2.63852371306948e-07,0.0099009900990099,0.0099009900990099,0.0099009900990099,0.0099009900990099,2.64554402892979e-102,1.40014133153957e-05,0,2.89112635615221e-07
"1001",0,3.27303790002004e-11,0.0099009900990099,0.0099009900990099,0.0099009900990099,0.0099009900990099,7.20115825808663e-93,3.23074138034455e-10,0,3.27303790002084e-11
"101002",0,0.00106524598845487,0.0099009900990099,0.0297029702970297,0.0099009900990099,0.0099009900990099,3.94964301006352e-64,0.169040240471381,0,0.0022667140102318
"101005",9.32478931085495e-259,4.10142110243402e-05,0.0099009900990099,0.0099009900990099,0.0099009900990099,0.0099009900990099,8.58265221929575e-49,0.0489788471785302,1.62707143288277e-258,9.97268296936886e-05
"102001",0,0.0229267128045988,0.0099009900990099,0.198019801980198,0.0099009900990099,0.0495049504950495,8.88630565340799e-79,0.0912091053935258,0,0.0229267128046026
"106001",0,2.09667739194486e-06,0.0099009900990099,0.0099009900990099,0.0099009900990099,0.0099009900990099,1.18351748347455e-124,9.60090267772933e-05,0,2.09667739194485e-06
"107001",0,0.000269423678743706,0.0099009900990099,0.0396039603960396,0.0099009900990099,0.0099009900990099,7.41217063864424e-194,0.00221324035849448,0,0.000352291091283092
"11001",0,0.00428502349941063,0.0099009900990099,0.0099009900990099,0.0099009900990099,0.0099009900990099,2.28939571037649e-170,0.0743022354924855,0,0.00398190952672613
"11003",0,4.36972670519963e-11,0.0099009900990099,0.0099009900990099,0.0099009900990099,0.0099009900990099,1.82127390984306e-77,0.000162601697746358,0,4.36972670519753e-11
"11004",0,0.00877979504624495,0.0099009900990099,0.0099009900990099,0.0099009900990099,0.0495049504950495,1.42135725872905e-37,0.317428397907807,0,7.80397168775824e-05
"12001",0,2.80134379248728e-09,0.0099009900990099,0.0099009900990099,0.0099009900990099,0.0099009900990099,6.66273127035918e-139,4.14471496992349e-05,0,4.57120073196952e-09
"12002",0,9.60025450116149e-11,0.0099009900990099,0.0099009900990099,0.0099009900990099,0.0099009900990099,7.54669808992367e-159,2.25865191294687e-05,0,9.6002545011611e-11
"12005",5.42260834720442e-207,4.19237362832527e-15,0.0099009900990099,0.0099009900990099,0.0099009900990099,0.0099009900990099,4.39409669007901e-21,1.85930376764759e-06,1.30705640425931e-206,2.6966409064467e-14
"12006",6.74157292923563e-246,9.58504579201968e-11,0.0099009900990099,0.0099009900990099,0.0099009900990099,0.0099009900990099,1.85491279454045e-41,3.08915584591285e-06,6.74157292919174e-246,9.58504579202613e-11
"12007",4.77951257803848e-170,3.11784063233769e-06,0.0099009900990099,0.0099009900990099,0.0099009900990099,0.0099009900990099,1.48637355090348e-45,0.000603835396944343,4.77951257806602e-170,3.11784063233623e-06
"12008",0,1.55533909458749e-12,0.0099009900990099,0.0099009900990099,0.0099009900990099,0.0099009900990099,8.1500377599089e-55,0.00100289855092919,0,1.71329395769858e-12
"12009",7.62351273972072e-215,1.74563241280567e-11,0.0099009900990099,0.0099009900990099,0.0099009900990099,0.0099009900990099,1.34155127588093e-24,0.00125140298105552,7.62351273974309e-215,1.74563241280497e-11
"13001",0,8.8728995848782e-12,0.0099009900990099,0.0099009900990099,0.0099009900990099,0.0099009900990099,4.53406667036804e-60,1.30183625217609e-05,0,8.87289958487223e-12
"13004",1.20616270317224e-298,1.26307934422061e-14,0.0099009900990099,0.0099009900990099,0.0099009900990099,0.0099009900990099,8.67724358220577e-54,4.17840945145587e-07,5.52729460916872e-299,1.49931181141535e-14
"13005",0,2.77610462681955e-08,0.0099009900990099,0.0099009900990099,0.0099009900990099,0.0099009900990099,9.65654445833589e-75,0.136612060957294,0,3.97183012368091e-08
"13007",0,1.20323548153092e-16,0.0099009900990099,0.0099009900990099,0.0099009900990099,0.0099009900990099,1.42853602174417e-91,1.83678066692359e-07,0,1.20323548153084e-16
"13008",0,1.51108772160691e-11,0.0099009900990099,0.0099009900990099,0.0099009900990099,0.0099009900990099,1.34097181162201e-144,1.28040331997915e-06,0,3.18948478922023e-11
"14001",0,4.26872213607517e-09,0.0099009900990099,0.0099009900990099,0.0099009900990099,0.0099009900990099,5.32523372425905e-106,0.000225704858758528,0,7.76358794678538e-09
"14002",0,3.10566301134738e-15,0.0099009900990099,0.0099009900990099,0.0099009900990099,0.0099009900990099,1.89242808877141e-53,0.0226514903543309,0,2.72884773469933e-15
"14005",0,0.00107484187636387,0.0099009900990099,0.0099009900990099,0.0099009900990099,0.0099009900990099,2.9000905107466e-48,0.162657977841547,0,0.000303741336822521
"15006",0,5.66173577639367e-05,0.0099009900990099,0.0099009900990099,0.0099009900990099,0.0099009900990099,0,0.027051977183794,0,5.25340664513553e-05
"15007",0,5.89398463635262e-18,0.0099009900990099,0.0099009900990099,0.0099009900990099,0.0099009900990099,0,1.26649464012992e-06,0,6.30821439274422e-18
"15010",0,7.35596970069739e-20,0.0099009900990099,0.0099009900990099,0.0099009900990099,0.0099009900990099,1.70649302172509e-96,1.28376807815725e-11,0,3.16493019396638e-19
"15011",0,2.48426561873709e-21,0.0099009900990099,0.0099009900990099,0.0099009900990099,0.0099009900990099,2.84166274968801e-132,3.0495729224922e-08,0,1.6893255690618e-21
"15012",0,0.00265996148891548,0.0099009900990099,0.0198019801980198,0.0099009900990099,0.0396039603960396,1.77014353628509e-146,0.202627967602591,0,0.00206602658136847
"15013",0,8.51098476965463e-23,0.0099009900990099,0.0099009900990099,0.0099009900990099,0.0099009900990099,1.07500360607504e-118,3.71403809963191e-11,0,1.09171009618231e-21
"15014",2.57350994418778e-289,2.73140497604397e-10,0.0099009900990099,0.0099009900990099,0.0099009900990099,0.0099009900990099,1.03349660742362e-71,2.0770050815889e-06,2.57350994418894e-289,2.7314049760427e-10
"15016",0,2.80390442010141e-07,0.0099009900990099,0.0099009900990099,0.0099009900990099,0.0099009900990099,0,0.0032393136966586,0,2.8039044201015e-07
"15021",0,5.46999115561307e-05,0.0099009900990099,0.0198019801980198,0.0099009900990099,0.0198019801980198,4.403840938156e-39,0.125820332745337,0,5.46999115561464e-05
"15023",0,1.56523874949229e-17,0.0099009900990099,0.0099009900990099,0.0099009900990099,0.0099009900990099,7.15930831004008e-88,8.69566055889149e-09,0,1.56523874949175e-17
"15024",0,1.45697073650969e-24,0.0099009900990099,0.0099009900990099,0.0099009900990099,0.0099009900990099,6.21842912509443e-306,4.89352378177805e-10,0,1.45697073650876e-24
"15025",0,8.77001172420392e-12,0.0099009900990099,0.0099009900990099,0.0099009900990099,0.0099009900990099,2.20838212649262e-100,1.4883665419241e-07,0,8.77001172420891e-12
"15030",0,0.00221542241816741,0.0099009900990099,0.0099009900990099,0.0099009900990099,0.0099009900990099,5.30582962358346e-117,0.103034094863687,0,0.002268328903778
"15039",1.21711937222667e-105,0.00203138241919332,0.0099009900990099,0.0099009900990099,0.0099009900990099,0.0099009900990099,1.89407343376311e-32,0.0482046870023524,1.21711937222606e-105,0.00203138241919414
"16001",0,1.19061203018018e-21,0.0099009900990099,0.0099009900990099,0.0099009900990099,0.0099009900990099,3.84518991677483e-286,2.6215356885744e-11,0,1.25624786691007e-20
"16003",0,9.57150836519763e-28,0.0099009900990099,0.0099009900990099,0.0099009900990099,0.0099009900990099,1.80976236072407e-124,1.37510439520158e-15,0,9.03044003397906e-28
"16004",0,1.38984863310275e-13,0.0099009900990099,0.0099009900990099,0.0099009900990099,0.0099009900990099,0,4.31477115837952e-07,0,1.81656789469934e-12
"17001",0,2.23308702193625e-12,0.0099009900990099,0.0099009900990099,0.0099009900990099,0.0099009900990099,9.70695802777739e-118,8.31785741977696e-05,0,7.274947231385e-12
"17003",0,2.67487660581565e-23,0.0099009900990099,0.0099009900990099,0.0099009900990099,0.0099009900990099,5.22427167828766e-136,3.76853549580731e-05,0,5.27172577264715e-23
"17004",0,6.61512773781826e-07,0.0099009900990099,0.0198019801980198,0.0099009900990099,0.0099009900990099,1.05435443096015e-106,0.00399047920998611,0,4.23545525088993e-07
"17005",0,9.76076960485519e-11,0.0099009900990099,0.0099009900990099,0.0099009900990099,0.0099009900990099,1.51568625220872e-164,0.000533954543745224,0,9.98948700768023e-11
"17015",6.08077604667646e-302,9.09802219922234e-08,0.0099009900990099,0.0099009900990099,0.0099009900990099,0.0099009900990099,3.34737984652618e-59,0.00259586516794973,6.08077604664272e-302,9.09802219922791e-08
"17018",7.15215085161382e-209,1.30479998261828e-10,0.0099009900990099,0.0099009900990099,0.0099009900990099,0.0099009900990099,8.05855395362107e-44,7.85440442653189e-05,7.62583444469852e-209,4.53469700271536e-10
"18001",0,5.71710840935778e-22,0.0099009900990099,0.0099009900990099,0.0099009900990099,0.0099009900990099,2.67621585017743e-222,4.0047961464683e-12,0,6.42834318501134e-21
"18002",0,3.2284719046394e-11,0.0099009900990099,0.0099009900990099,0.0099009900990099,0.0099009900990099,1.78421665843078e-189,6.477172045815e-06,0,1.0972921625355e-10
"18003",0,3.9069057630842e-25,0.0099009900990099,0.0099009900990099,0.0099009900990099,0.0099009900990099,2.87068129316716e-268,3.69816766049312e-13,0,1.88024651688345e-25
"18008",0,7.86581458608467e-08,0.0099009900990099,0.0099009900990099,0.0099009900990099,0.0099009900990099,0,0.00886560458129915,0,7.86581458607516e-08
"18010",0,6.83009848937481e-07,0.0099009900990099,0.0099009900990099,0.0099009900990099,0.0099009900990099,0,0.000589157410565171,0,4.56683773494131e-07
"18011",0,6.39484973635105e-12,0.0099009900990099,0.0099009900990099,0.0099009900990099,0.0099009900990099,0,4.05550446405889e-06,0,6.3948497363542e-12
"18014",0,3.10853313948077e-07,0.0099009900990099,0.0099009900990099,0.0099009900990099,0.0099009900990099,5.10818182090469e-73,0.00321151105424873,0,2.51766504655268e-07
"18017",0,0.0214926379903262,0.0099009900990099,0.0891089108910891,0.0099009900990099,0.0396039603960396,3.41779112943413e-117,0.278221057785877,0,0.0198571296357096
"18018",0,0.000150482706255349,0.0099009900990099,0.0099009900990099,0.0099009900990099,0.0099009900990099,2.42213337568778e-132,0.0507676303740825,0,0.000150482706255347
"19001",0,5.17929981992709e-15,0.0099009900990099,0.0099009900990099,0.0099009900990099,0.0099009900990099,1.19663007200433e-150,1.14932806025362e-06,0,4.89872070673588e-15
"19006",0,9.86281105451896e-12,0.0099009900990099,0.0198019801980198,0.0099009900990099,0.0099009900990099,2.19041206816851e-45,0.00111241788757494,0,7.91880660601054e-12
"19010",2.60345286932714e-167,6.66718412123804e-07,0.0099009900990099,0.0099009900990099,0.0099009900990099,0.0099009900990099,4.7226718694227e-10,0.0112319191635572,1.01452605777055e-166,4.37118411291033e-07
"19017",0,1.57967789958465e-12,0.0099009900990099,0.0099009900990099,0.0099009900990099,0.0099009900990099,3.08426102203309e-44,2.6299730628914e-06,0,1.57967789958461e-12
"19020",0,5.96530720750795e-17,0.0099009900990099,0.0099009900990099,0.0099009900990099,0.0099009900990099,3.01144702154856e-78,1.07292367797769e-08,0,1.07973584211188e-16
"20002",0,8.01616674558821e-05,0.0099009900990099,0.0891089108910891,0.0099009900990099,0.0099009900990099,8.15090533480928e-49,0.0521366330902435,0,0.000102705883408676
"20003",0,3.64046749841184e-09,0.0099009900990099,0.0099009900990099,0.0099009900990099,0.0099009900990099,7.7758278739659e-45,0.0249210344790931,0,3.57042471926379e-09
"20007",0,3.3176274766579e-07,0.0099009900990099,0.0396039603960396,0.0099009900990099,0.0099009900990099,1.90543025799428e-25,0.0110867212404473,0,8.26340109398937e-07
"2001",0,1.76453839773267e-17,0.0099009900990099,0.0099009900990099,0.0099009900990099,0.0099009900990099,4.25914109738656e-127,4.75426530172843e-11,0,2.53600729135224e-17
"2002",0,0.187652115712249,0.0099009900990099,0.168316831683168,0.0099009900990099,0.158415841584158,4.37258677242783e-183,0.475353393771304,0,0.187652115712244
"21003",0,2.78108125841825e-12,0.0099009900990099,0.0099009900990099,0.0099009900990099,0.0099009900990099,1.64323636693975e-150,1.76423985546931e-06,0,4.84358015558432e-12
"21006",0,1.16262315612245e-15,0.0099009900990099,0.0099009900990099,0.0099009900990099,0.0099009900990099,1.15136360852023e-202,1.34280263857107e-08,0,2.22708193469982e-15
"21008",0,2.00984544561413e-13,0.0099009900990099,0.0198019801980198,0.0099009900990099,0.0099009900990099,4.28566012367894e-173,5.52421865938993e-06,0,3.7208473389621e-13
"21009",0,8.56772416414043e-06,0.0099009900990099,0.0198019801980198,0.0099009900990099,0.0099009900990099,2.31592469432297e-265,0.00119718835328597,0,9.02751205927468e-06
"21011",0,1.9551798248721e-15,0.0099009900990099,0.0099009900990099,0.0099009900990099,0.0099009900990099,1.03077528913082e-93,9.63488291014103e-08,0,6.65440677795678e-15
"21012",0,2.79053423899432e-24,0.0099009900990099,0.0099009900990099,0.0099009900990099,0.0099009900990099,2.48997793659409e-153,4.57266714853607e-12,0,2.12151103193877e-24
"21013",0,4.38122737160797e-11,0.0099009900990099,0.0099009900990099,0.0099009900990099,0.0099009900990099,3.4575857564848e-86,9.92039015497808e-07,0,6.37596054223998e-11
"21015",0,8.16351093507721e-10,0.0099009900990099,0.0099009900990099,0.0099009900990099,0.0099009900990099,1.34361273499619e-64,0.00178032843813736,0,3.1171830852185e-10
"21016",0,7.52707490281457e-10,0.0099009900990099,0.0099009900990099,0.0099009900990099,0.0099009900990099,1.83615316278697e-52,0.00291624130909811,0,5.27174684243897e-10
"21017",0,5.98845629881864e-21,0.0099009900990099,0.0099009900990099,0.0099009900990099,0.0099009900990099,4.51387731083905e-110,1.02170208305289e-09,0,4.6935680732755e-21
"21018",0,1.89537937105734e-11,0.0099009900990099,0.0099009900990099,0.0099009900990099,0.0099009900990099,3.22223398523436e-117,3.38325684584356e-07,0,1.70948041580904e-11
"21022",0,7.34788655969911e-08,0.0099009900990099,0.0099009900990099,0.0099009900990099,0.0099009900990099,4.04179707211442e-61,0.00623672524056846,0,9.08798368094733e-08
"21023",0,0.0166439058423724,0.0099009900990099,0.207920792079208,0.0099009900990099,0.0396039603960396,5.65389778295825e-56,0.0329461935677386,0,0.0173477000221707
"21024",0,1.30353794530919e-17,0.0099009900990099,0.0099009900990099,0.0099009900990099,0.0099009900990099,3.92311747462159e-107,1.47818758301214e-09,0,2.87975978318791e-17
"21026",0,1.72221360279704e-24,0.0099009900990099,0.0099009900990099,0.0099009900990099,0.0099009900990099,6.5647388284717e-125,3.72374178622216e-12,0,2.1971837455424e-24
"21027",0,3.42546788924629e-06,0.0099009900990099,0.0396039603960396,0.0099009900990099,0.0099009900990099,1.58991519907226e-57,0.00403421919851955,0,3.08912774161257e-06
"22001",0,7.98061835117694e-06,0.0099009900990099,0.0198019801980198,0.0099009900990099,0.0099009900990099,4.5130090887363e-97,0.0214413790147017,0,7.28521321732432e-06
"22006",0,1.21655254328225e-05,0.0099009900990099,0.0099009900990099,0.0099009900990099,0.0099009900990099,2.20287704492957e-60,0.00587009355106521,0,1.40906308602152e-05
"22007",0,6.72526294446067e-07,0.0099009900990099,0.0099009900990099,0.0099009900990099,0.0099009900990099,6.44187910158268e-48,0.00470782678262041,0,6.72526294446011e-07
"22009",0,3.8441194924823e-09,0.0099009900990099,0.0099009900990099,0.0099009900990099,0.0099009900990099,5.39513555281759e-63,0.00313226886473434,0,4.15123851384142e-09
"23001",0,3.800459433556e-15,0.0099009900990099,0.0099009900990099,0.0099009900990099,0.0099009900990099,2.7817604675392e-238,8.68466580735096e-10,0,2.47999532514004e-15
"23004",0,8.81061448247529e-26,0.0099009900990099,0.0099009900990099,0.0099009900990099,0.0099009900990099,4.29964295005137e-153,1.93119800907961e-13,0,8.81061448248394e-26
"23006",0,5.66261572073539e-27,0.0099009900990099,0.0099009900990099,0.0099009900990099,0.0099009900990099,2.31136026840531e-149,5.29635695353781e-12,0,5.66261572073254e-27
"23007",0,3.34680382570607e-06,0.0099009900990099,0.0396039603960396,0.0099009900990099,0.0099009900990099,1.09016696986117e-19,0.0988257686757414,0,3.52431976451185e-06
"23008",0,8.94560232092027e-12,0.0099009900990099,0.0099009900990099,0.0099009900990099,0.0099009900990099,2.96146543810445e-121,1.739824240309e-06,0,1.11536686375623e-11
"23011",0,8.68139852152691e-25,0.0099009900990099,0.0099009900990099,0.0099009900990099,0.0099009900990099,4.63176885803839e-102,4.24269651879775e-11,0,8.62642659795167e-25
"23016",3.56894169521146e-261,7.49454456128441e-14,0.0099009900990099,0.0099009900990099,0.0099009900990099,0.0099009900990099,6.5262153889472e-18,9.78599256827802e-07,9.33059957463898e-261,6.96480537765092e-14
"24001",0,4.54600804990674e-11,0.0099009900990099,0.0198019801980198,0.0099009900990099,0.0099009900990099,5.20580671970913e-98,0.000907483696920217,0,4.54600804990624e-11
"24003",0,3.8316885739518e-19,0.0099009900990099,0.0099009900990099,0.0099009900990099,0.0099009900990099,2.99794932206505e-64,5.34337140343191e-08,0,5.28326099193696e-19
"24004",0,6.98226157627943e-09,0.0099009900990099,0.0099009900990099,0.0099009900990099,0.0099009900990099,3.8468195556403e-59,0.00284939091197355,0,7.38581200731641e-09
"24005",0,1.0132442271788e-10,0.0099009900990099,0.0099009900990099,0.0099009900990099,0.0099009900990099,1.43680861109698e-34,0.0361665320884384,0,1.19848745063611e-10
"25001",0,8.09820396016552e-12,0.0099009900990099,0.0099009900990099,0.0099009900990099,0.0099009900990099,1.20748549500246e-183,0.00012084751782815,0,6.17992900451746e-12
"25003",3.17230043241465e-143,3.17302720642334e-06,0.0099009900990099,0.0099009900990099,0.0099009900990099,0.0099009900990099,3.21463374109163e-30,0.224512477587383,3.17230043241058e-143,3.17302720642286e-06
"25006",0,1.93652663193637e-10,0.0099009900990099,0.0099009900990099,0.0099009900990099,0.0099009900990099,8.11397857168783e-110,0.0011984872480507,0,1.9365266319366e-10
"25012",5.28119808546608e-287,2.62634071990951e-22,0.0099009900990099,0.0099009900990099,0.0099009900990099,0.0099009900990099,3.92769982036519e-70,4.89069145996179e-11,5.28119808543798e-287,2.62634071990692e-22
"25020",0,0.000589268470847596,0.0099009900990099,0.0099009900990099,0.0099009900990099,0.0099009900990099,6.06025903794744e-97,0.0420923327099339,0,0.000673284284760216
"25021",0,0.000995745998792288,0.0099009900990099,0.0099009900990099,0.0099009900990099,0.0297029702970297,1.64947926589047e-74,0.210002900816984,0,0.000915642294701408
"25029",3.03659881331896e-189,0.00410110233605578,0.0099009900990099,0.0792079207920792,0.0099009900990099,0.0198019801980198,3.16733913537822e-20,0.042691487714482,3.03659881332359e-189,0.00410110233605626
"26003",0,0.000159113459641784,0.0099009900990099,0.0198019801980198,0.0099009900990099,0.0099009900990099,1.43127416512441e-78,0.0790366216131943,0,0.000159785896665238
"26005",6.82867138407659e-62,0.893815430802941,0.0099009900990099,0.673267326732673,0.0099009900990099,0.891089108910891,3.00618646917591e-10,0.840375940677482,2.74987889506453e-62,0.867342454427576
"26006",6.01896020073695e-138,0.207281921965503,0.0099009900990099,0.118811881188119,0.0099009900990099,0.138613861386139,1.17897967947911e-37,0.276786238355438,7.91390196742294e-138,0.153552962142016
"26008",1.90505986032869e-292,0.00015798843137247,0.0099009900990099,0.0495049504950495,0.0099009900990099,0.0297029702970297,2.1111635017768e-18,0.594837060945322,1.517772478109e-292,0.000123381409576696
"26009",0,0.00207840949325096,0.0099009900990099,0.0099009900990099,0.0099009900990099,0.0099009900990099,2.54545278667485e-64,0.107244745620898,0,0.00308694973111678
"27001",0,0.000286489440993912,0.0099009900990099,0.0495049504950495,0.0099009900990099,0.0198019801980198,2.43145187291288e-113,0.225749816237653,0,0.000279534486488587
"27002",0,8.61891753148562e-05,0.0099009900990099,0.0099009900990099,0.0099009900990099,0.0099009900990099,0,0.023539640280014,0,9.90730133278785e-05
"27003",0,4.54998109192203e-05,0.0099009900990099,0.0099009900990099,0.0099009900990099,0.0099009900990099,0,0.0022281369383045,0,4.54998109192406e-05
"27006",0,2.04102764971042e-07,0.0099009900990099,0.0297029702970297,0.0099009900990099,0.0099009900990099,1.47403708713973e-56,0.00518295678547903,0,2.04102764970883e-07
"27007",0,0.000560225289058891,0.0099009900990099,0.0297029702970297,0.0099009900990099,0.0099009900990099,0,0.128851052518432,0,0.000413310684674788
"27009",0,0.380272053833382,0.0099009900990099,0.267326732673267,0.0099009900990099,0.435643564356436,0,0.550544166540327,0,0.536220831141369
"27021",0,0.000221964438602132,0.0099009900990099,0.158415841584158,0.0099009900990099,0.0198019801980198,2.62908869395992e-208,0.0677129437476116,0,0.000221964438601997
"27023",0,5.68055063090865e-10,0.0099009900990099,0.0198019801980198,0.0099009900990099,0.0099009900990099,1.1478795861642e-31,0.0185004379263198,0,5.68055063091111e-10
"27025",0,6.02346526118211e-06,0.0099009900990099,0.0099009900990099,0.0099009900990099,0.0099009900990099,2.04922414374439e-96,0.0206468900920218,0,6.02346526118423e-06
"27026",0,4.07536237526741e-11,0.0099009900990099,0.0198019801980198,0.0099009900990099,0.0099009900990099,1.52504139103788e-43,1.44767667868102e-05,0,4.07536237526887e-11
"27029",0,1.41234310759225e-20,0.0099009900990099,0.0099009900990099,0.0099009900990099,0.0099009900990099,8.37168305001997e-126,1.41663256234519e-11,0,1.41234310759144e-20
"27030",0,1.75087785881636e-05,0.0099009900990099,0.0297029702970297,0.0099009900990099,0.0099009900990099,8.67677611599135e-112,0.0552341723911465,0,1.75087785881597e-05
"27032",0,6.25804472014828e-16,0.0099009900990099,0.0099009900990099,0.0099009900990099,0.0099009900990099,9.76700295379927e-106,1.16041986184918e-06,0,7.40727674468274e-16
"27034",0,1.34475377781394e-17,0.0099009900990099,0.0099009900990099,0.0099009900990099,0.0099009900990099,1.95973797688389e-295,1.81817820734189e-06,0,1.1381159700146e-17
"27035",0,4.45781104903234e-15,0.0099009900990099,0.0099009900990099,0.0099009900990099,0.0099009900990099,0,4.40400450629327e-08,0,4.40441646297499e-15
"27038",4.36160665254024e-34,0.000207844105138395,0.0099009900990099,0.0099009900990099,0.0099009900990099,0.0198019801980198,0.455534005133583,0.359913378907972,9.48119184434734e-34,0.000192943215056668
"27041",0,0.0568801302389575,0.0099009900990099,0.0693069306930693,0.0099009900990099,0.0792079207920792,0,0.227785242931073,0,0.0411901367897195
"27042",0,2.54272660197394e-09,0.0099009900990099,0.0099009900990099,0.0099009900990099,0.0099009900990099,5.0162415618091e-109,0.0101313657835496,0,2.54272660197516e-09
"27043",0,1.34459443988258e-19,0.0099009900990099,0.0099009900990099,0.0099009900990099,0.0099009900990099,5.81121272150802e-290,6.98197304682589e-10,0,1.34459443988233e-19
"27047",1.03985996480207e-319,1.67895372209064e-24,0.0099009900990099,0.0099009900990099,0.0099009900990099,0.0099009900990099,3.28662116260253e-85,2.47392506865723e-11,4.72746713223197e-319,2.89562083345506e-24
"27049",0,6.44034375524123e-06,0.0099009900990099,0.0099009900990099,0.0099009900990099,0.0099009900990099,4.17093275498398e-86,0.0355032433793369,0,4.45367334773786e-06
"27051",6.39246034710657e-305,4.11572034716436e-05,0.0099009900990099,0.0297029702970297,0.0099009900990099,0.0099009900990099,3.89765528110833e-39,0.277387337480865,6.3924603471152e-305,4.1157203471676e-05
"27062",0,0.400462779383417,0.0099009900990099,0.376237623762376,0.0099009900990099,0.445544554455446,1.34404185867909e-227,0.495694943423902,0,0.400462779383397
"27064",0,0.231613991286166,0.0099009900990099,0.683168316831683,0.0099009900990099,0.217821782178218,3.22969777083041e-63,0.629372854053657,0,0.223453520827664
"27065",0,4.6424647145223e-16,0.0099009900990099,0.0099009900990099,0.0099009900990099,0.0099009900990099,9.68395053538186e-53,2.5823931248057e-08,0,4.64246471452045e-16
"27071",0,0.605008108536151,0.0099009900990099,0.613861386138614,0.0099009900990099,0.633663366336634,0,0.691320624043141,0,0.594317509317297
"27073",1.10366248486366e-125,0.00022288167595998,0.0099009900990099,0.0099009900990099,0.0099009900990099,0.0198019801980198,1.11999663339718e-26,0.00864006265156662,1.98174550453902e-125,0.000239456058924437
"27077",7.50289793000503e-179,1.87805255069294e-15,0.0099009900990099,0.0099009900990099,0.0099009900990099,0.0099009900990099,1.2907083946374e-22,8.74340417564792e-07,7.34876711506766e-179,2.12527704331009e-15
"27079",0,1.11356612949884e-08,0.0099009900990099,0.0198019801980198,0.0099009900990099,0.0099009900990099,5.75558491790212e-135,3.51066058990022e-05,0,1.11356612949809e-08
"27080",0,1.08979953669738e-10,0.0099009900990099,0.0099009900990099,0.0099009900990099,0.0099009900990099,1.33265320356046e-215,0.000141193559903645,0,1.089799536697e-10
"27084",2.06884596345287e-284,4.6404499641563e-14,0.0099009900990099,0.0099009900990099,0.0099009900990099,0.0099009900990099,1.18938560417721e-50,4.45847292463525e-06,2.06884596345055e-284,4.64044996415442e-14
"27087",0,0.0346531979724049,0.0099009900990099,0.0594059405940594,0.0099009900990099,0.0495049504950495,3.74460137160181e-51,0.0101288126254227,0,0.0110098743474836
"27089",0,0.0067936062546423,0.0099009900990099,0.0594059405940594,0.0099009900990099,0.0198019801980198,2.80811640821738e-310,0.190168863871496,0,0.00679360625464202
"27090",0,1.07167133419952e-11,0.0099009900990099,0.0099009900990099,0.0099009900990099,0.0099009900990099,4.42316122720697e-94,0.000147090957589261,0,1.07167133419957e-11
"28001",5.6943162027215e-267,0.14445266482711,0.0099009900990099,0.247524752475248,0.0099009900990099,0.198019801980198,1.24738912147471e-34,0.737208236909008,5.6943162027151e-267,0.14445266482706
"28003",0,5.18063097510113e-26,0.0099009900990099,0.0099009900990099,0.0099009900990099,0.0099009900990099,2.76062843286354e-89,3.9382053492322e-15,0,3.0775106646235e-26
"28008",0,3.75498028169682e-06,0.0099009900990099,0.0099009900990099,0.0099009900990099,0.0099009900990099,3.23974426507026e-171,0.00117336678520736,0,3.75498028169767e-06
"28009",0,0.17137955496514,0.0099009900990099,0.118811881188119,0.0099009900990099,0.257425742574257,0,0.175385740228747,0,0.171379554965221
"28012",0,0.301272442346976,0.0099009900990099,0.168316831683168,0.0099009900990099,0.237623762376238,0,0.256133402211204,0,0.301272442346852
"28015",0,0.512946496889878,0.0099009900990099,0.613861386138614,0.0099009900990099,0.405940594059406,5.95827163884535e-188,0.725622568348856,0,0.5140981967663
"28018",0,0.0415283122241294,0.0099009900990099,0.0495049504950495,0.0099009900990099,0.0594059405940594,6.70804170181868e-258,0.217206448502464,0,0.0415283122241276
"28022",0,0.598920221638867,0.0099009900990099,0.366336633663366,0.0099009900990099,0.653465346534653,0,0.614208548422901,0,0.598920221638828
"28023",0,3.43637782491042e-06,0.0099009900990099,0.0099009900990099,0.0099009900990099,0.0099009900990099,1.24783926392675e-65,0.00518412083309701,0,3.73565543607833e-06
"28024",0,0.505608408387319,0.0099009900990099,0.178217821782178,0.0099009900990099,0.554455445544555,4.43249173723188e-118,0.371576409876853,0,0.505608408387361
"28026",0,0.217782426299587,0.0099009900990099,0.099009900990099,0.0099009900990099,0.287128712871287,1.58488672671514e-127,0.232281120846425,0,0.265475247470019
"28031",0,5.63965527196115e-12,0.0099009900990099,0.0099009900990099,0.0099009900990099,0.0099009900990099,4.39876875684004e-115,9.21830639626089e-08,0,5.6396552719651e-12
"28033",4.88009350556121e-296,1.49748993749633e-07,0.0099009900990099,0.0099009900990099,0.0099009900990099,0.0099009900990099,1.79512813903035e-67,0.000780731203452242,1.02571204350015e-296,1.53314185630248e-07
"28039",1.62402407303051e-262,2.46142088464341e-23,0.0099009900990099,0.0099009900990099,0.0099009900990099,0.0099009900990099,2.51529312750349e-61,1.93198851479964e-14,1.13259483475253e-262,2.98572375776257e-23
"28040",0,9.961533682112e-17,0.0099009900990099,0.0099009900990099,0.0099009900990099,0.0099009900990099,4.78500165990074e-67,5.15727332430093e-13,0,9.96153368212323e-17
"28043",0,8.15611652224177e-06,0.0099009900990099,0.0198019801980198,0.0099009900990099,0.0099009900990099,1.25941375830165e-96,0.0219564878467176,0,4.06341145684757e-06
"28044",0,0.103132752831116,0.0099009900990099,0.306930693069307,0.0099009900990099,0.0891089108910891,1.33959056171762e-73,0.701602983352035,0,0.089109644575848
"28046",0,2.97979766883509e-05,0.0099009900990099,0.0099009900990099,0.0099009900990099,0.0099009900990099,6.89067696549994e-148,0.00679383107745843,0,2.97979766883264e-05
"28048",0,3.41560781438464e-05,0.0099009900990099,0.0099009900990099,0.0099009900990099,0.0099009900990099,8.54311844717565e-55,0.026346685340683,0,3.41560781438667e-05
"28050",0,0.00295776897375197,0.0099009900990099,0.0693069306930693,0.0099009900990099,0.0198019801980198,9.57254531721813e-121,0.108424707684338,0,0.00295776897375407
"28052",0,0.000490589664722841,0.0099009900990099,0.0099009900990099,0.0099009900990099,0.0099009900990099,1.52822525920078e-131,0.00943524341205159,0,0.00040871821626552
"28055",0,3.44818989631513e-08,0.0099009900990099,0.0099009900990099,0.0099009900990099,0.0099009900990099,9.65294256498495e-51,4.86862078747709e-07,0,3.44818989631358e-08
"28056",0,0.00823202458396774,0.0099009900990099,0.0099009900990099,0.0099009900990099,0.0099009900990099,9.76094262159714e-99,0.00821898737302241,0,0.00823202458396199
"28060",2.20208117894237e-272,3.48954193642771e-05,0.0099009900990099,0.0297029702970297,0.0099009900990099,0.0099009900990099,2.88067698300335e-23,0.0133975975659222,1.30622879234792e-271,7.00043339771861e-05
"28066",0,5.53440645996674e-20,0.0099009900990099,0.0099009900990099,0.0099009900990099,0.0099009900990099,1.43472455796331e-77,7.53115628810815e-10,0,1.35911979404792e-19
"28067",0,0.197826855525218,0.0099009900990099,0.297029702970297,0.0099009900990099,0.188118811881188,1.28038603950738e-151,0.590899607138904,0,0.197826855525144
"28072",0,0.000181739687714629,0.0099009900990099,0.099009900990099,0.0099009900990099,0.0198019801980198,8.42186941392115e-37,0.0092953698357498,0,0.000181739687714568
"28074",0,0.229374192095903,0.0099009900990099,0.118811881188119,0.0099009900990099,0.257425742574257,1.4452482931341e-155,0.278640307770873,0,0.229374192095862
"28080",0,5.1349426582902e-11,0.0099009900990099,0.0099009900990099,0.0099009900990099,0.0099009900990099,5.59190015738777e-121,1.4125475094031e-06,0,7.11053428989043e-11
"28081",2.6811575106764e-280,1.27354882342943e-20,0.0099009900990099,0.0099009900990099,0.0099009900990099,0.0099009900990099,3.17379500576521e-44,1.85857342524102e-13,4.76450530613274e-277,7.76816512138516e-20
"28082",0,0.0998332226936718,0.0099009900990099,0.178217821782178,0.0099009900990099,0.128712871287129,2.00229325577145e-143,0.0960198097627952,0,0.0998332226937049
"28085",0,0.00262821059786966,0.0099009900990099,0.0594059405940594,0.0099009900990099,0.0099009900990099,8.96006810730018e-165,0.0798526276539493,0,0.00262821059787086
"28091",0,0.000726776228129565,0.0099009900990099,0.297029702970297,0.0099009900990099,0.0198019801980198,4.27800216010408e-84,0.149794334678073,0,0.000541557536133321
"28093",0,0.492895133561434,0.0099009900990099,0.346534653465347,0.0099009900990099,0.544554455445545,2.37110107690605e-124,0.519670011703946,0,0.492895133561474
"28115",5.53850172481361e-199,1.70764356306949e-18,0.0099009900990099,0.0099009900990099,0.0099009900990099,0.0099009900990099,1.68351052581056e-51,2.90996613992364e-10,4.29762693536161e-195,8.23334819534308e-18
"28116",0,3.35546351065677e-07,0.0099009900990099,0.0693069306930693,0.0099009900990099,0.0099009900990099,6.28313500409847e-54,0.000343876867715072,0,1.96230775085428e-06
"28117",0,0.00180727349824124,0.0099009900990099,0.0495049504950495,0.0099009900990099,0.0099009900990099,9.72004652274955e-58,0.105494259148645,0,0.00180727349824158
"29002",0,0.00251070843643328,0.0099009900990099,0.0198019801980198,0.0099009900990099,0.0198019801980198,4.00685080372228e-78,0.00350234190226088,0,0.00213594657955602
"29003",0,4.14700689665243e-09,0.0099009900990099,0.0198019801980198,0.0099009900990099,0.0099009900990099,9.49096818490196e-38,8.25767592048979e-07,0,4.41095176326486e-09
"29005",0,0.0510137999761088,0.0099009900990099,0.0693069306930693,0.0099009900990099,0.0792079207920792,9.45749420850845e-52,0.421398819718407,0,0.0519081926251071
"29009",0,0.000102032274829316,0.0099009900990099,0.0099009900990099,0.0099009900990099,0.0099009900990099,1.55708974552206e-36,0.00016060169698339,0,0.00010203227482921
"30001",0,0.21653317593992,0.0099009900990099,0.099009900990099,0.0099009900990099,0.217821782178218,1.0047304705308e-87,0.13804148838683,0,0.266993985822797
"30004",0,0.00733581238128983,0.0099009900990099,0.0594059405940594,0.0099009900990099,0.0198019801980198,1.14128260045295e-70,0.0664351629146492,0,0.0073358123812878
"30005",0,0.607699603219655,0.0099009900990099,0.346534653465347,0.0099009900990099,0.574257425742574,6.87210301090781e-40,0.496743497916824,0,0.638564256480839
"30011",0,0.118813332121269,0.0099009900990099,0.217821782178218,0.0099009900990099,0.118811881188119,2.29762902215865e-55,0.352848909971935,0,0.128987833543766
"30012",0,0.00288009114470539,0.0099009900990099,0.0099009900990099,0.0099009900990099,0.0099009900990099,3.64780189261645e-58,0.00770699556653733,0,0.00288009114470575
"30014",0,0.176707725858804,0.0099009900990099,0.0495049504950495,0.0099009900990099,0.227722772277228,1.96134930464364e-25,0.321592109352077,0,0.176707725858846
"30015",0,0.366103672528952,0.0099009900990099,0.257425742574257,0.0099009900990099,0.386138613861386,2.18108220372474e-57,0.145525712767393,0,0.351424890044216
"3003",0,2.89286759511797e-56,0.0099009900990099,0.0099009900990099,0.0099009900990099,0.0099009900990099,5.55557918459154e-149,1.11213635125242e-29,0,2.89286759512261e-56
"31002",0,0.286934299858918,0.0099009900990099,0.108910891089109,0.0099009900990099,0.316831683168317,4.77368039909612e-57,0.0731486934852648,0,0.286934299858989
"31006",2.0854510910959e-320,0.92219927395742,0.0099009900990099,0.920792079207921,0.0099009900990099,0.891089108910891,1.22464038924319e-43,0.752399861639306,2.22428353757729e-320,0.896854853758067
"31010",0,0.338171658865196,0.0099009900990099,0.455445544554455,0.0099009900990099,0.287128712871287,2.50372270534472e-62,0.369819016106809,0,0.338171658865125
"31021",0,0.173223646642399,0.0099009900990099,0.0594059405940594,0.0099009900990099,0.207920792079208,3.37017237021931e-111,0.165030189135185,0,0.173864010568112
"31023",6.71483363870446e-188,2.39720029622207e-06,0.0099009900990099,0.0099009900990099,0.0099009900990099,0.0099009900990099,2.72221407851465e-28,7.28969366534456e-05,6.71483363870824e-188,2.39720029622157e-06
"31025",0,0.000284637194678907,0.0099009900990099,0.0099009900990099,0.0099009900990099,0.0099009900990099,2.37678819067274e-57,0.000102654897215766,0,0.000284637194678782
"32003",0,0.00277684934889265,0.0099009900990099,0.0792079207920792,0.0099009900990099,0.0297029702970297,1.31261021765229e-28,0.0930423404358208,0,0.00262106940144264
"32004",0,0.0012046626321167,0.0099009900990099,0.0198019801980198,0.0099009900990099,0.0198019801980198,5.3282284485294e-66,0.0129079510524707,0,0.00120466263211622
"32006",0,0.000155177529676673,0.0099009900990099,0.0099009900990099,0.0099009900990099,0.0099009900990099,2.28792909124237e-109,0.000734167772240566,0,0.000155177529676809
"32008",0,1.7792980133478e-06,0.0099009900990099,0.0099009900990099,0.0099009900990099,0.0099009900990099,1.27697327765302e-78,5.17230686197732e-05,0,1.77929801334781e-06
"33006",0,0.571797026730933,0.0099009900990099,0.267326732673267,0.0099009900990099,0.633663366336634,2.05341143770025e-198,0.396654997544579,0,0.544112161646422
"33007",0,0.00988176719113493,0.0099009900990099,0.0198019801980198,0.0099009900990099,0.0495049504950495,5.40248653442231e-107,0.0126412573334866,0,0.0095232214795502
"33012",0,0.0236924010321991,0.0099009900990099,0.0099009900990099,0.0099009900990099,0.0495049504950495,7.87389042249655e-70,0.00743023328820561,0,0.0236924010321958
"33013",0,0.385409182148362,0.0099009900990099,0.0792079207920792,0.0099009900990099,0.396039603960396,2.81090979778452e-96,0.237758924819934,0,0.385409182148325
"33014",0,0.124038064655958,0.0099009900990099,0.0297029702970297,0.0099009900990099,0.128712871287129,8.89700211111847e-137,0.0518990920842942,0,0.126485537810027
"33018",0,0.000710025271347603,0.0099009900990099,0.0198019801980198,0.0099009900990099,0.0099009900990099,1.24500614082813e-81,0.0982955565863446,0,0.000710025271347771
"33019",0,0.868427033837327,0.0099009900990099,0.732673267326733,0.0099009900990099,0.861386138613861,2.53830894341478e-154,0.711170985822951,0,0.907327318511806
"33020",0,0.332403691407125,0.0099009900990099,0.267326732673267,0.0099009900990099,0.346534653465347,1.07836272510566e-29,0.238354983150774,0,0.27808386304934
"33021",0,0.0302047270248538,0.0099009900990099,0.0198019801980198,0.0099009900990099,0.0297029702970297,5.40969706855342e-72,0.113333778703822,0,0.0302047270248592
"33022",0,0.00809091225526655,0.0099009900990099,0.0198019801980198,0.0099009900990099,0.0297029702970297,1.37756239629418e-142,0.0181109828795551,0,0.00653115314589793
"33023",0,0.0756984477017475,0.0099009900990099,0.0495049504950495,0.0099009900990099,0.0693069306930693,5.4192120511172e-55,0.0301881124846146,0,0.0756984477017744
"33024",0,0.0110128757803051,0.0099009900990099,0.0099009900990099,0.0099009900990099,0.0297029702970297,8.07297039816088e-78,0.00714523505521162,0,0.0107806994168383
"33026",0,0.256468975841602,0.0099009900990099,0.128712871287129,0.0099009900990099,0.316831683168317,1.13841210074517e-119,0.296532380637908,0,0.256468975841622
"33028",0,0.0643597729143435,0.0099009900990099,0.0495049504950495,0.0099009900990099,0.0891089108910891,6.2730098060433e-98,0.118623792710097,0,0.0645064349650741
"33029",0,0.0244999137323253,0.0099009900990099,0.0396039603960396,0.0099009900990099,0.0099009900990099,7.09443958923487e-69,0.06891464631384,0,0.0210512617370545
"33031",0,4.69413671006951e-06,0.0099009900990099,0.0099009900990099,0.0099009900990099,0.0099009900990099,1.73376674834431e-38,3.61879119726719e-06,0,3.54746779793664e-06
"33032",6.11964977879071e-217,0.000177234709088374,0.0099009900990099,0.0099009900990099,0.0099009900990099,0.0099009900990099,4.21002559029778e-50,0.000288850001316704,9.07523157834949e-215,0.000275569968701859
"33033",0,2.08033020940428e-09,0.0099009900990099,0.0099009900990099,0.0099009900990099,0.0099009900990099,8.03423238358177e-70,2.83897184762937e-06,0,2.08033020940368e-09
"33034",0,0.473512073205567,0.0099009900990099,0.168316831683168,0.0099009900990099,0.396039603960396,7.86749222324014e-98,0.21891278167206,0,0.473512073205392
"33035",0,0.895990070534166,0.0099009900990099,0.782178217821782,0.0099009900990099,0.920792079207921,1.12299732949713e-163,0.85517670241889,0,0.89599007053424
"33039",0,0.537868492420301,0.0099009900990099,0.277227722772277,0.0099009900990099,0.475247524752475,2.62844414485872e-174,0.349267941519068,0,0.537868492420368
"33053",0,0.0295502986286788,0.0099009900990099,0.0396039603960396,0.0099009900990099,0.0396039603960396,8.42263744088245e-56,0.00932284843063476,0,0.0288862578402751
"33054",0,8.0913767019444e-07,0.0099009900990099,0.0099009900990099,0.0099009900990099,0.0099009900990099,1.97978494773035e-72,8.21931659802709e-05,0,2.09302762071434e-06
"33058",0,0.000418886009463502,0.0099009900990099,0.0198019801980198,0.0099009900990099,0.0099009900990099,3.30635064075618e-73,0.00402316107269207,0,0.0004188860094635
"34002",0,3.74262010389184e-05,0.0099009900990099,0.0099009900990099,0.0099009900990099,0.0099009900990099,2.07585659428897e-74,0.00015660888551862,0,3.77946210350131e-05
"34003",0,3.88893173796275e-07,0.0099009900990099,0.0099009900990099,0.0099009900990099,0.0099009900990099,2.32098337395056e-99,1.42123149711357e-05,0,4.07793310386191e-07
"34004",0,0.630977502193677,0.0099009900990099,0.445544554455446,0.0099009900990099,0.564356435643564,1.14069030346869e-158,0.540990776182832,0,0.626870751117444
"34005",0,0.000284263018222249,0.0099009900990099,0.0099009900990099,0.0099009900990099,0.0099009900990099,4.06643507606889e-74,9.09483673898717e-05,0,0.000188029529641282
"34006",0,0.000737997077439915,0.0099009900990099,0.0099009900990099,0.0099009900990099,0.0297029702970297,2.34676182823327e-109,0.00220814420319677,0,0.000737997077439668
"34007",0,0.000443930068742462,0.0099009900990099,0.0099009900990099,0.0099009900990099,0.0099009900990099,2.54670581319623e-54,0.000775248545181106,0,0.000443930068742364
"34008",0,0.236250603966833,0.0099009900990099,0.336633663366337,0.0099009900990099,0.277227722772277,6.46450578417498e-199,0.524300577329654,0,0.213392282381114
"34010",0,0.00676112073966986,0.0099009900990099,0.0099009900990099,0.0099009900990099,0.0693069306930693,3.09907721344621e-46,0.00354927433591945,0,0.00676112073966904
"34011",0,0.00142462547353076,0.0099009900990099,0.0099009900990099,0.0099009900990099,0.0099009900990099,4.75513325026779e-132,0.0131858763647326,0,0.00142462547353034
"34012",0,4.25132973452522e-05,0.0099009900990099,0.0198019801980198,0.0099009900990099,0.0099009900990099,2.5480214100658e-71,0.00344419755932286,0,6.21956860151954e-05
"35003",0,0.000513872579615092,0.0099009900990099,0.0099009900990099,0.0099009900990099,0.0198019801980198,6.26651353714145e-48,0.00297963498947995,0,0.000453847345993535
"35008",0,9.96975795421275e-06,0.0099009900990099,0.0099009900990099,0.0099009900990099,0.0099009900990099,1.12728440601637e-45,2.25987467611818e-05,0,9.96975795421066e-06
"36003",0,2.15357876635512e-05,0.0099009900990099,0.0099009900990099,0.0099009900990099,0.0099009900990099,2.59888851823934e-41,6.41436374452303e-05,0,1.80079363888997e-05
"36006",0,0.229666821763054,0.0099009900990099,0.118811881188119,0.0099009900990099,0.267326732673267,8.6604064956867e-174,0.309771714920402,0,0.229666821763118
"36009",0,2.2573357395807e-05,0.0099009900990099,0.0099009900990099,0.0099009900990099,0.0099009900990099,8.62281544951534e-43,6.921580766211e-05,0,2.17470264146129e-05
"36010",3.0324693402788e-232,6.09980594616372e-07,0.0099009900990099,0.0099009900990099,0.0099009900990099,0.0099009900990099,1.22916769039254e-19,0.000197444976546276,3.0324693402966e-232,6.09980594616445e-07
"36011",5.13848409624329e-239,6.43641366734103e-10,0.0099009900990099,0.0099009900990099,0.0099009900990099,0.0099009900990099,2.68011941860578e-25,8.26859731992437e-07,2.34384933432701e-239,5.8064994938363e-10
"36012",1.07892317776572e-292,0.000243243626126486,0.0099009900990099,0.0099009900990099,0.0099009900990099,0.0099009900990099,2.86142561229104e-63,0.000465969054576561,1.94586235263637e-289,0.000406904561966221
"37001",0,2.64360390230071e-06,0.0099009900990099,0.0099009900990099,0.0099009900990099,0.0099009900990099,1.11150949639768e-66,0.000349757216754129,0,2.64360390230024e-06
"37003",0,7.98719173956136e-07,0.0099009900990099,0.0099009900990099,0.0099009900990099,0.0099009900990099,7.18729299376762e-60,0.000376867266789335,0,4.07049323909353e-06
"37005",0,0.000849699309788248,0.0099009900990099,0.0099009900990099,0.0099009900990099,0.0099009900990099,5.56645663313204e-103,0.00594519720922133,0,0.000783808359360384
"37008",0,0.000708885125786075,0.0099009900990099,0.0198019801980198,0.0099009900990099,0.0099009900990099,7.11181481764405e-71,0.0018404241791125,0,0.000492493960923292
"37009",0,2.02118235039224e-05,0.0099009900990099,0.0099009900990099,0.0099009900990099,0.0099009900990099,2.24400338719108e-29,0.00319283134550998,0,1.73883519041143e-05
"37010",0,0.0010021201987559,0.0099009900990099,0.0099009900990099,0.0099009900990099,0.0099009900990099,1.9575454614837e-57,0.0181842339520258,0,0.000861186492707002
"37011",0,5.06033541653244e-07,0.0099009900990099,0.0099009900990099,0.0099009900990099,0.0099009900990099,1.10993990980138e-54,1.39553517834371e-05,0,5.06033541653661e-07
"37018",0,2.03056219212309e-07,0.0099009900990099,0.0099009900990099,0.0099009900990099,0.0099009900990099,1.84695813177282e-37,2.77889583019904e-05,0,2.03056219212276e-07
"37019",1.94447800033932e-293,1.6378613629841e-12,0.0099009900990099,0.0099009900990099,0.0099009900990099,0.0099009900990099,4.75887688722969e-31,7.51950131362518e-08,1.94447800033362e-293,1.637861362985e-12
"37020",0,3.35626918557192e-06,0.0099009900990099,0.0099009900990099,0.0099009900990099,0.0099009900990099,1.00543380727343e-52,6.27783417389093e-05,0,3.48629913163302e-06
"37031",0,0.00189425719329501,0.0099009900990099,0.0099009900990099,0.0099009900990099,0.0198019801980198,6.464138659021e-41,0.0295193587331094,0,0.00189425719329406
"37033",6.24770174901163e-88,5.12946020256128e-09,0.0099009900990099,0.0099009900990099,0.0099009900990099,0.0099009900990099,1.14598035774654e-11,8.12886303208596e-05,6.24770174902421e-88,5.12946020256041e-09
"38001",0,0.000120798113208777,0.0099009900990099,0.0099009900990099,0.0099009900990099,0.0099009900990099,5.62847648835018e-91,0.00104349495677855,0,0.000231190777454157
"38003",0,1.01057607256574e-20,0.0099009900990099,0.0099009900990099,0.0099009900990099,0.0099009900990099,7.9805307478084e-90,2.88536442521812e-11,0,6.16323420236171e-21
"38004",0,0.014252107762645,0.0099009900990099,0.0198019801980198,0.0099009900990099,0.0396039603960396,2.27171177937188e-36,0.0220632412043184,0,0.0142521077626313
"38007",6.34494656406894e-155,2.9446891890141e-17,0.0099009900990099,0.0099009900990099,0.0099009900990099,0.0099009900990099,2.18728326155882e-32,1.57789770932587e-07,6.34494656405335e-155,2.9446891890123e-17
"38012",3.29297101771815e-224,3.35478338113639e-12,0.0099009900990099,0.0099009900990099,0.0099009900990099,0.0099009900990099,1.53478167447739e-09,0.142164030225884,3.29297101772187e-224,3.35478338113716e-12
"38014",9.10243147933006e-203,4.88945168048511e-08,0.0099009900990099,0.0099009900990099,0.0099009900990099,0.0099009900990099,1.23667870100241e-34,0.000298450692627869,9.10243147934535e-203,4.88945168048283e-08
"38017",5.88637169146643e-104,0.0279058568530661,0.0099009900990099,0.0099009900990099,0.0099009900990099,0.0396039603960396,5.33456686261721e-05,0.0555351810827166,5.88637169146015e-104,0.027905856853059
"38018",0,3.90945646337745e-09,0.0099009900990099,0.0099009900990099,0.0099009900990099,0.0099009900990099,2.63062989841721e-268,7.81112214658137e-07,0,3.7768439905387e-09
"38021",0,1.82676184648746e-08,0.0099009900990099,0.0099009900990099,0.0099009900990099,0.0099009900990099,4.08810189562645e-62,4.79171976864314e-05,0,1.82676184648859e-08
"38026",0,1.51630935446289e-05,0.0099009900990099,0.0099009900990099,0.0099009900990099,0.0099009900990099,1.87478202096414e-66,0.000486880614051773,0,1.51630935446277e-05
"38029",0,0.00100309880003854,0.0099009900990099,0.0099009900990099,0.0099009900990099,0.0198019801980198,4.93159163913125e-15,0.00296051330877772,0,0.00100309880003855
"38030",0,0.0120935855129776,0.0099009900990099,0.0693069306930693,0.0099009900990099,0.0396039603960396,6.80594208719739e-51,0.0069212440687764,0,0.0116170844280031
"39001",0,0.00662900747809812,0.0099009900990099,0.0099009900990099,0.0099009900990099,0.0396039603960396,0,0.03860103853661,0,0.00662900747809726
"39002",0,0.293950999325628,0.0099009900990099,0.099009900990099,0.0099009900990099,0.297029702970297,1.54228976253997e-190,0.455569556448381,0,0.259466620520308
"39004",7.1386841776875e-84,1.50661287063321e-13,0.0099009900990099,0.0099009900990099,0.0099009900990099,0.0099009900990099,1.97235700001167e-25,2.87557018751765e-06,3.76934442843801e-73,1.30869708518099e-13
"39005",3.45209583012012e-191,2.35083807273741e-21,0.0099009900990099,0.0099009900990099,0.0099009900990099,0.0099009900990099,1.17865631424424e-53,2.18303949065308e-11,1.02498854290835e-190,2.94604609971111e-21
"39006",0,0.00475064303185066,0.0099009900990099,0.0198019801980198,0.0099009900990099,0.0297029702970297,3.86400454006231e-147,0.0184773667606854,0,0.00447755204519383
"39007",0,5.95758267180193e-06,0.0099009900990099,0.0099009900990099,0.0099009900990099,0.0099009900990099,0,0.00355091297804184,0,5.41322055021318e-06
"39008",0,0.703025022481254,0.0099009900990099,0.514851485148515,0.0099009900990099,0.792079207920792,9.46486469060217e-262,0.783369389143605,0,0.596358492361496
"39010",0,0.00163060416610648,0.0099009900990099,0.0099009900990099,0.0099009900990099,0.0198019801980198,1.51395652357405e-249,0.0203578068437557,0,0.00203941990826436
"39011",0,3.08746752643261e-08,0.0099009900990099,0.0099009900990099,0.0099009900990099,0.0099009900990099,6.89361192393741e-196,0.000671779986378231,0,3.09425065006341e-08
"39012",1.20316576036216e-297,5.45120948304176e-14,0.0099009900990099,0.0099009900990099,0.0099009900990099,0.0099009900990099,8.26082744117785e-46,1.12698034907472e-05,1.6865736584444e-295,2.77507687087663e-14
"39014",0,1.03963192741842e-09,0.0099009900990099,0.0099009900990099,0.0099009900990099,0.0099009900990099,3.54004176050738e-132,1.47463087374089e-05,0,1.05317628439789e-09
"39015",0,4.66196269791538e-10,0.0099009900990099,0.0099009900990099,0.0099009900990099,0.0099009900990099,1.36434330779678e-78,1.13336635089264e-06,0,1.2377574038694e-09
"39016",0,0.00078816089803959,0.0099009900990099,0.0099009900990099,0.0099009900990099,0.0099009900990099,7.54970812872253e-235,0.0910152142977178,0,0.000807448756429492
"39017",0,0.000476997192613434,0.0099009900990099,0.0099009900990099,0.0099009900990099,0.0099009900990099,5.71089240101179e-42,0.000544995746149392,0,0.000476997192613429
"39019",0,0.000957901416044944,0.0099009900990099,0.0099009900990099,0.0099009900990099,0.0198019801980198,5.08667586218058e-101,0.096837877437472,0,0.000737591161356322
"39020",0,1.33652613292734e-05,0.0099009900990099,0.0099009900990099,0.0099009900990099,0.0099009900990099,2.25813994597379e-86,0.0163877726715283,0,1.07834976710438e-05
"39021",0,0.994601462783344,0.0099009900990099,0.881188118811881,0.0099009900990099,0.98019801980198,1.0254339386129e-38,0.983383079166092,0,0.993340677794741
"39022",0,0.000165319429099106,0.0099009900990099,0.0099009900990099,0.0099009900990099,0.0099009900990099,1.82151186556838e-142,0.0276337775533066,0,0.000155090006896305
"39023",3.08509667900759e-302,5.53980667550253e-08,0.0099009900990099,0.0099009900990099,0.0099009900990099,0.0099009900990099,2.47940158845851e-90,4.56322569803692e-06,2.5598994344562e-299,6.98830771823569e-08
"39025",0,1.44444630323804e-06,0.0099009900990099,0.0099009900990099,0.0099009900990099,0.0099009900990099,1.91699809441554e-135,0.00225282563434899,0,7.49823403453809e-07
"39027",0,0.0869696867438436,0.0099009900990099,0.0594059405940594,0.0099009900990099,0.0693069306930693,7.11254897226357e-103,0.0791600950358337,0,0.117573353309725
"39028",0,0.000391693652018803,0.0099009900990099,0.0099009900990099,0.0099009900990099,0.0099009900990099,4.38593780360271e-55,0.0419222804222717,0,0.000445264917720406
"39029",0,2.83258075140699e-08,0.0099009900990099,0.0099009900990099,0.0099009900990099,0.0099009900990099,2.98318491006329e-148,0.000276438361694492,0,1.93807271598749e-08
"39034",0,0.247638001544637,0.0099009900990099,0.168316831683168,0.0099009900990099,0.207920792079208,3.56122296196785e-59,0.519134078618057,0,0.278344593060365
"39035",0,0.00218818039014857,0.0099009900990099,0.0099009900990099,0.0099009900990099,0.0099009900990099,1.11570560652012e-95,0.0433609070316823,0,0.00218818039014729
"39036",0,1.26068936857e-07,0.0099009900990099,0.0099009900990099,0.0099009900990099,0.0099009900990099,1.05755331024153e-54,0.000315794180774415,2.17388884170148e-322,7.96128135704118e-08
"39037",0,0.40147066034456,0.0099009900990099,0.217821782178218,0.0099009900990099,0.405940594059406,7.27587063342393e-28,0.70090530508245,0,0.52648219112924
"39042",0,0.00405524980649137,0.0099009900990099,0.0198019801980198,0.0099009900990099,0.0099009900990099,1.71675494449737e-68,0.00986056852464199,0,0.00405524980649289
"39049",1.43906563681318e-242,1.01877037282782e-16,0.0099009900990099,0.0099009900990099,0.0099009900990099,0.0099009900990099,2.67529974919398e-55,7.34606928190861e-10,1.43906563681788e-242,1.01877037282763e-16
"39052",0,7.21649316650447e-14,0.0099009900990099,0.0099009900990099,0.0099009900990099,0.0099009900990099,7.0974105499439e-53,3.91142426775136e-06,0,1.02595603532592e-13
"39054",0,1.89989317576781e-06,0.0099009900990099,0.0099009900990099,0.0099009900990099,0.0099009900990099,1.24605990927732e-79,0.0031187746589013,0,1.89989317576884e-06
"39056",1.05464641600304e-160,9.58476124717965e-27,0.0099009900990099,0.0099009900990099,0.0099009900990099,0.0099009900990099,2.6586182539097e-37,2.11467844724003e-13,1.47029921614132e-160,4.66037714010703e-27
"39061",4.96865060497207e-66,0.227373976728792,0.0099009900990099,0.0495049504950495,0.0099009900990099,0.287128712871287,2.27544651186256e-35,0.194063475101627,3.08390972474678e-66,0.260536271764803
"39065",2.25900691780125e-07,0.0863433062986611,0.0099009900990099,0.0198019801980198,0.0099009900990099,0.118811881188119,0.000121938401246168,0.0508350037464347,1.02360709719951e-06,0.0837909285017721
"39069",0,1.40319006500347e-07,0.0099009900990099,0.0099009900990099,0.0099009900990099,0.0099009900990099,2.47181080387393e-155,0.00158803428685036,0,1.14633387317338e-07
"39072",0,0.239958306863567,0.0099009900990099,0.178217821782178,0.0099009900990099,0.237623762376238,0,0.302531704125406,0,0.239958306863538
"39078",0,1.14296108933571e-10,0.0099009900990099,0.0198019801980198,0.0099009900990099,0.0099009900990099,4.301802402533e-70,0.000442606517280899,0,1.39185132541004e-10
"39081",0,0.255451607302328,0.0099009900990099,0.0594059405940594,0.0099009900990099,0.336633663366337,1.92723745854503e-96,0.152435381764017,0,0.238678575066971
"39087",0,0.000373755176603554,0.0099009900990099,0.0099009900990099,0.0099009900990099,0.0099009900990099,2.09738510413928e-145,0.0484137376909561,0,0.000368479536380259
"39088",0,3.96594284954347e-07,0.0099009900990099,0.0099009900990099,0.0099009900990099,0.0099009900990099,6.64213991401186e-244,4.66637130524157e-05,0,3.14878696736051e-07
"39095",1.02815807643102e-192,1.3274057863087e-10,0.0099009900990099,0.0099009900990099,0.0099009900990099,0.0099009900990099,1.0498790743802e-39,6.66278577765464e-05,1.02815807642958e-192,1.32740578631021e-10
"39099",1.06894523228484e-90,0.0262896613193932,0.0099009900990099,0.0594059405940594,0.0099009900990099,0.0594059405940594,3.29316325154661e-09,0.244308417490713,1.28591725936075e-90,0.01135838531073
"39101",2.86130208007436e-47,0.426548773256536,0.0099009900990099,0.158415841584158,0.0099009900990099,0.455445544554455,6.43012841421782e-20,0.234817711545186,2.12084486460171e-46,0.340636020093191
"39105",0,0.496687800861166,0.0099009900990099,0.257425742574257,0.0099009900990099,0.574257425742574,2.02855672285057e-59,0.563942449496017,0,0.496687800861156
"39108",2.09380098536478e-175,0.212978224519375,0.0099009900990099,0.217821782178218,0.0099009900990099,0.148514851485149,4.66093974070487e-39,0.127654967800788,4.4989675404671e-175,0.224169317382349
"39114",2.18879041037666e-61,0.064596011838803,0.0099009900990099,0.0099009900990099,0.0099009900990099,0.128712871287129,6.69339289525352e-16,0.0751264642012258,7.10713392949905e-60,0.0678113919100805
"39120",4.97411835432904e-281,0.0549563671613896,0.0099009900990099,0.257425742574257,0.0099009900990099,0.0792079207920792,6.55198535489822e-52,0.321208534315449,4.46241046989661e-280,0.137694296375983
"39125",6.69966547360041e-79,0.885761007539599,0.0099009900990099,0.762376237623762,0.0099009900990099,0.821782178217822,4.33833469396745e-05,0.953771193578397,4.15041355422198e-79,0.844445837636876
"39127",2.82440001596908e-183,0.00142002737446611,0.0099009900990099,0.0099009900990099,0.0099009900990099,0.0099009900990099,5.73504326643413e-46,0.00148820590448835,3.96856124634189e-183,0.00269540875110428
"39141",0,0.0113016434864641,0.0099009900990099,0.0594059405940594,0.0099009900990099,0.0396039603960396,6.6074222040987e-99,0.20641334726053,0,0.00230291368763361
"39142",8.32234734667625e-169,2.6159522001651e-05,0.0099009900990099,0.0099009900990099,0.0099009900990099,0.0297029702970297,2.79865272546255e-11,0.0770932170981596,1.99471369222058e-168,7.90725406206679e-06
"39143",1.45805895318531e-297,1.57324559722768e-06,0.0099009900990099,0.0099009900990099,0.0099009900990099,0.0099009900990099,4.66358976352432e-39,0.00536716614728366,1.4580589531868e-297,1.57324559722675e-06
"39144",0,0.277834001452016,0.0099009900990099,0.0792079207920792,0.0099009900990099,0.267326732673267,3.56272501664446e-39,0.544499648734588,0,0.300996948229236
"40003",0,0.264632831790153,0.0099009900990099,0.267326732673267,0.0099009900990099,0.227722772277228,2.49091306189043e-149,0.66841143842218,0,0.264632831790173
"40004",0,0.00370350833519612,0.0099009900990099,0.0099009900990099,0.0099009900990099,0.0198019801980198,4.82359074187957e-197,0.23861098122934,0,0.00370350833519323
"40005",0,0.106381666646139,0.0099009900990099,0.0693069306930693,0.0099009900990099,0.0792079207920792,9.90611270012029e-100,0.382243767859485,0,0.106381666646144
"40006",4.79899780025464e-272,0.0533389287766931,0.0099009900990099,0.0891089108910891,0.0099009900990099,0.0594059405940594,7.72195653502001e-39,0.32330877132193,6.13900696585298e-272,0.0486706364556709
"40007",0,1.72978889877807e-05,0.0099009900990099,0.0099009900990099,0.0099009900990099,0.0099009900990099,1.21311889545102e-115,0.0361720696158039,0,1.72978889877743e-05
"40009",0,7.89364567032585e-10,0.0099009900990099,0.0099009900990099,0.0099009900990099,0.0099009900990099,9.19334110929697e-54,0.000595765783897375,0,7.89364567032625e-10
"4001",0,0.00195175525994266,0.0099009900990099,0.0396039603960396,0.0099009900990099,0.0198019801980198,1.77927694084639e-167,0.0806537725840755,0,0.00195175525994254
"40010",0,0.0235961263353319,0.0099009900990099,0.099009900990099,0.0099009900990099,0.0198019801980198,2.02141582251136e-113,0.33203576403115,0,0.0235961263353231
"40011",0,0.00124524960662073,0.0099009900990099,0.0099009900990099,0.0099009900990099,0.0099009900990099,1.23051215772327e-283,0.022289363828786,0,0.00323370062296101
"40012",0,0.360476459744688,0.0099009900990099,0.178217821782178,0.0099009900990099,0.425742574257426,9.12616255555297e-140,0.713225370400612,0,0.437411579527358
"40013",0,3.24373660123568e-06,0.0099009900990099,0.0099009900990099,0.0099009900990099,0.0099009900990099,2.52258107914851e-41,0.00191477378046507,0,3.00509511345485e-06
"40016",0,2.03507972490449e-19,0.0099009900990099,0.0099009900990099,0.0099009900990099,0.0099009900990099,7.35155264262813e-69,7.28270986895393e-06,0,6.20533181546166e-20
"40017",1.34320094199969e-288,1.81093220996391e-05,0.0099009900990099,0.0099009900990099,0.0099009900990099,0.0099009900990099,9.24803904481451e-58,0.0322869646905287,1.34320094200226e-288,1.81093220996356e-05
"40018",0,0.0159755568085818,0.0099009900990099,0.0198019801980198,0.0099009900990099,0.0297029702970297,4.70842876003135e-147,0.139872114073924,0,0.02389769391596
"40020",0,3.50177178265429e-05,0.0099009900990099,0.0198019801980198,0.0099009900990099,0.0099009900990099,1.70558930576697e-72,0.0486101409853358,0,3.50177178265384e-05
"40021",0,0.000102687089948054,0.0099009900990099,0.0099009900990099,0.0099009900990099,0.0099009900990099,1.65546551104877e-59,0.0259123934276445,0,0.000102687089948104
"40022",0,0.62344036018069,0.0099009900990099,0.594059405940594,0.0099009900990099,0.673267326732673,3.2981619347314e-87,0.702792441211107,0,0.675983652622853
"4003",0,1.29790931647195e-09,0.0099009900990099,0.0099009900990099,0.0099009900990099,0.0099009900990099,3.12345199791179e-116,3.88240057890205e-05,0,3.95626832546771e-09
"40033",1.23810702840102e-12,0.117919122639426,0.0099009900990099,0.366336633663366,0.0099009900990099,0.237623762376238,0.00210942322459093,0.303923169158538,9.66540724765771e-12,0.117842338449738
"4005",0,5.14265671452404e-11,0.0099009900990099,0.0099009900990099,0.0099009900990099,0.0099009900990099,1.95440107306634e-150,0.00142846849531081,0,5.14265671452273e-11
"4006",0,6.6881897698466e-18,0.0099009900990099,0.0099009900990099,0.0099009900990099,0.0099009900990099,3.77115410231826e-179,1.37329807744442e-06,0,6.68818976984588e-18
"41001",4.33125990821854e-305,2.1689997523337e-06,0.0099009900990099,0.0099009900990099,0.0099009900990099,0.0099009900990099,5.31717977272529e-46,0.00641174181095993,1.04884186412497e-304,3.86289873312437e-06
"41003",0,0.224186778464547,0.0099009900990099,0.247524752475248,0.0099009900990099,0.277227722772277,1.20322150214074e-113,0.705680889419562,0,0.296286635638474
"41004",0,0.055743574744931,0.0099009900990099,0.099009900990099,0.0099009900990099,0.0891089108910891,1.58944452536458e-78,0.285529586536447,0,0.0977480686894739
"41005",0,2.19168096295704e-05,0.0099009900990099,0.0099009900990099,0.0099009900990099,0.0099009900990099,7.95993805724713e-113,0.0175282476687815,0,2.19168096295587e-05
"41006",0,8.78376897033181e-10,0.0099009900990099,0.0198019801980198,0.0099009900990099,0.0099009900990099,6.1231983462899e-70,0.00262783315281131,0,8.78376897033635e-10
"41009",0,0.011844981908737,0.0099009900990099,0.099009900990099,0.0099009900990099,0.0198019801980198,3.35006743560933e-191,0.182915533523903,0,0.010697551159837
"41011",0,1.69043962231535e-12,0.0099009900990099,0.0099009900990099,0.0099009900990099,0.0099009900990099,9.39357299705411e-123,7.90118518097224e-06,0,2.01610143291668e-13
"41012",0,7.52199874042621e-07,0.0099009900990099,0.0099009900990099,0.0099009900990099,0.0099009900990099,4.33520317170071e-122,0.000351147200573672,0,1.71075009308522e-06
"41013",7.33708629513332e-259,9.96736191883785e-05,0.0099009900990099,0.0099009900990099,0.0099009900990099,0.0099009900990099,2.55368911680331e-50,0.069358035700978,1.07237209351508e-258,0.000151146257646754
"41014",0,0.166461797164487,0.0099009900990099,0.158415841584158,0.0099009900990099,0.198019801980198,6.3043571180239e-184,0.549185145106695,0,0.111751274049609
"41016",0,2.32008980236599e-08,0.0099009900990099,0.0099009900990099,0.0099009900990099,0.0099009900990099,6.57918833292974e-61,0.00569848112026746,0,4.34553836810873e-08
"41019",0,5.7072131281006e-05,0.0099009900990099,0.0099009900990099,0.0099009900990099,0.0099009900990099,1.31569660954345e-100,0.00592256224187839,0,5.707213128098e-05
"41020",0,3.74522025079586e-08,0.0099009900990099,0.0099009900990099,0.0099009900990099,0.0099009900990099,2.21777547110488e-111,0.00383414750955543,0,3.74522025079402e-08
"41022",0,3.04731986626225e-09,0.0099009900990099,0.0099009900990099,0.0099009900990099,0.0099009900990099,1.83596591730072e-96,0.00126137133785263,0,8.20592665498597e-10
"41023",1.00987097501662e-92,8.12659938235327e-05,0.0099009900990099,0.0297029702970297,0.0099009900990099,0.0099009900990099,1.24024349646953e-13,0.0527404251151975,9.39273690846729e-93,0.000166041892041386
"41025",0,5.39010472155423e-05,0.0099009900990099,0.0099009900990099,0.0099009900990099,0.0099009900990099,1.19385257881045e-155,0.00858911894607739,0,5.69796358275914e-05
"41027",0,1.87801450034434e-11,0.0099009900990099,0.0099009900990099,0.0099009900990099,0.0099009900990099,3.576160112189e-54,0.000423195772990358,0,2.97934254523773e-12
"41028",0,0.0578471568891813,0.0099009900990099,0.0792079207920792,0.0099009900990099,0.108910891089109,4.24273742689187e-55,0.147602980219857,0,0.0578471568891799
"41029",0,3.07302983110387e-09,0.0099009900990099,0.0099009900990099,0.0099009900990099,0.0099009900990099,4.14447657117719e-77,0.00165926507867952,0,3.07302983110327e-09
"42001",0,2.2952364385406e-07,0.0099009900990099,0.0099009900990099,0.0099009900990099,0.0099009900990099,2.50640343750138e-124,0.00622934371516661,0,1.47626117070021e-07
"42003",0,0.000624558720915338,0.0099009900990099,0.0099009900990099,0.0099009900990099,0.0099009900990099,1.68882742480099e-176,0.0584579076629324,0,0.000196752693527395
"42004",0,0.00219379448879219,0.0099009900990099,0.0099009900990099,0.0099009900990099,0.0099009900990099,2.48867807110872e-215,0.117680884470257,0,0.00281117190380462
"42006",0,9.78039876823855e-05,0.0099009900990099,0.0495049504950495,0.0099009900990099,0.0099009900990099,2.15510282757269e-76,0.0334648577486931,0,0.000196331903936826
"42008",0,1.62026822750682e-10,0.0099009900990099,0.0099009900990099,0.0099009900990099,0.0099009900990099,4.64505526230171e-58,0.00222332480980033,0,5.52185840314752e-10
"42010",0,1.20148272592779e-05,0.0099009900990099,0.0099009900990099,0.0099009900990099,0.0099009900990099,0,0.00817319465553683,0,6.35278964100271e-06
"42011",0,3.26078926643553e-10,0.0099009900990099,0.0099009900990099,0.0099009900990099,0.0099009900990099,1.12050534360109e-92,8.62595061852488e-05,0,1.01964159526234e-10
"42016",0,1.99476437827333e-08,0.0099009900990099,0.0099009900990099,0.0099009900990099,0.0099009900990099,8.71211935827822e-155,0.00239601287125296,0,1.35099799453516e-08
"42017",1.27770054591737e-147,5.11620329170123e-12,0.0099009900990099,0.0099009900990099,0.0099009900990099,0.0099009900990099,2.15117761090027e-23,1.09627991396104e-05,1.27770054591794e-147,5.11620329170378e-12
"42024",0,0.00104388062219156,0.0099009900990099,0.0099009900990099,0.0099009900990099,0.0099009900990099,5.83094035804487e-171,0.0311524494804418,0,0.00127878373453864
"42026",1.46246304098734e-97,0.166185046424427,0.0099009900990099,0.148514851485149,0.0099009900990099,0.227722772277228,3.62714704274766e-21,0.887502304852597,8.71031026262696e-97,0.332762890876554
"42027",4.55609409942378e-279,0.00674230416136281,0.0099009900990099,0.0594059405940594,0.0099009900990099,0.0099009900990099,1.0957551905405e-62,0.177236423183719,1.37720320167629e-279,0.0245231756162177
"43005",0,0.212899127812742,0.0099009900990099,0.168316831683168,0.0099009900990099,0.277227722772277,3.73723409405169e-162,0.210497419777338,0,0.212899127812663
"43006",0,0.0620845756606654,0.0099009900990099,0.0594059405940594,0.0099009900990099,0.0396039603960396,3.50308827376976e-199,0.334165120889251,0,0.0620845756606691
"43007",0,0.0252627721721867,0.0099009900990099,0.108910891089109,0.0099009900990099,0.0297029702970297,3.52821138402356e-235,0.263685459760905,0,0.0252627721721741
"43008",0,0.0354748647393514,0.0099009900990099,0.0297029702970297,0.0099009900990099,0.0495049504950495,4.7615925427485e-308,0.247609626980097,0,0.0354748647393244
"43009",0,0.000239025442611941,0.0099009900990099,0.0198019801980198,0.0099009900990099,0.0099009900990099,8.56171043075048e-257,0.0394073405462409,0,0.000239025442612022
"43014",0,2.98595509771483e-05,0.0099009900990099,0.0198019801980198,0.0099009900990099,0.0099009900990099,1.20837121527607e-94,0.00362410940168891,0,5.12020244528416e-05
"43017",0,0.082561221206186,0.0099009900990099,0.0693069306930693,0.0099009900990099,0.118811881188119,3.82644445487456e-97,0.0736219139034017,0,0.0825612212062218
"43018",0,3.3952927841293e-07,0.0099009900990099,0.0099009900990099,0.0099009900990099,0.0099009900990099,2.71207657646809e-149,0.00353642992144355,0,5.21647191808238e-07
"43021",0,0.622180662532441,0.0099009900990099,0.653465346534653,0.0099009900990099,0.613861386138614,1.04743087082079e-206,0.759992880537138,0,0.622180662532716
"44001",0,1.4133158751876e-07,0.0099009900990099,0.0099009900990099,0.0099009900990099,0.0099009900990099,0,0.000188706323895739,0,1.05132988431332e-07
"44002",0,1.35819690958184e-07,0.0099009900990099,0.0099009900990099,0.0099009900990099,0.0099009900990099,3.39095148546945e-237,0.000792384675953751,0,1.09736451759779e-07
"44006",2.6184190890184e-106,2.40334923889984e-08,0.0099009900990099,0.0099009900990099,0.0099009900990099,0.0099009900990099,8.45607157100029e-22,0.00127436759837812,1.57164539199188e-106,1.08153786769102e-08
"44009",1.28878492673634e-160,7.66868901981788e-07,0.0099009900990099,0.0297029702970297,0.0099009900990099,0.0099009900990099,6.65303156436468e-11,0.000856412992549731,5.14698756019795e-160,1.58392994927177e-06
"44011",5.26522588140377e-228,6.97684100313498e-05,0.0099009900990099,0.0495049504950495,0.0099009900990099,0.0099009900990099,4.79492734835638e-27,0.0178391699551794,5.26522588139254e-228,6.97684100313321e-05
"45001",0,9.41460649001508e-12,0.0099009900990099,0.0099009900990099,0.0099009900990099,0.0099009900990099,2.86771660315024e-171,2.86469791459817e-06,0,1.01895174529797e-11
"45003",0,1.36142315910244e-07,0.0099009900990099,0.0099009900990099,0.0099009900990099,0.0099009900990099,5.84601494587025e-120,0.0285192823076196,0,1.36142315910263e-07
"45004",0,5.84571996853953e-09,0.0099009900990099,0.0099009900990099,0.0099009900990099,0.0099009900990099,3.10979282964215e-131,0.00233524115911093,0,3.26076472272682e-09
"45005",0,4.66913651168726e-11,0.0099009900990099,0.0099009900990099,0.0099009900990099,0.0099009900990099,4.07192193557167e-79,0.000152058376620456,0,5.9706776013521e-11
"45009",0,1.88135532556146e-12,0.0099009900990099,0.0099009900990099,0.0099009900990099,0.0099009900990099,1.89968487674675e-76,5.88980860690931e-07,0,1.33015678499852e-12
"45012",0,5.05760450350075e-06,0.0099009900990099,0.0099009900990099,0.0099009900990099,0.0099009900990099,6.3361205656801e-94,0.00893082580075338,0,5.05760450350243e-06
"46003",0,4.86912164033264e-34,0.0099009900990099,0.0099009900990099,0.0099009900990099,0.0099009900990099,1.44403172580902e-134,7.63016370055493e-14,0,9.11094795743207e-34
"46005",0,1.88586896776631e-41,0.0099009900990099,0.0099009900990099,0.0099009900990099,0.0099009900990099,1.77546448477395e-164,1.65855091640953e-18,0,2.19499714899783e-41
"46008",0,1.37192902807115e-10,0.0099009900990099,0.0099009900990099,0.0099009900990099,0.0099009900990099,2.57717148778616e-116,0.000131919655847994,0,2.00825190093256e-10
"46014",2.10748367987242e-251,0.000430938342451721,0.0099009900990099,0.0297029702970297,0.0099009900990099,0.0099009900990099,9.28762512038438e-53,0.248540293394223,6.5372230722703e-250,0.00088759446132375
"47001",0,6.77124801761863e-11,0.0099009900990099,0.0099009900990099,0.0099009900990099,0.0099009900990099,1.10656813654202e-203,8.63697734211238e-06,0,6.7712480176142e-11
"47004",0,4.12282549742547e-11,0.0099009900990099,0.0099009900990099,0.0099009900990099,0.0099009900990099,5.71921712442259e-92,1.00716969782699e-05,0,4.12282549742295e-11
"47005",0,1.16861723125887e-09,0.0099009900990099,0.0099009900990099,0.0099009900990099,0.0099009900990099,1.23422605185282e-90,3.55569014272175e-05,0,1.16861723125883e-09
"47008",0,3.67181622742995e-17,0.0099009900990099,0.0099009900990099,0.0099009900990099,0.0099009900990099,1.50035621591602e-87,2.72571766999819e-10,0,3.67181622743304e-17
"47009",0,5.23398324080418e-05,0.0099009900990099,0.0099009900990099,0.0099009900990099,0.0099009900990099,1.05417649774464e-87,0.0276797118297719,0,5.36512511848007e-05
"47011",0,3.4836828865466e-09,0.0099009900990099,0.0099009900990099,0.0099009900990099,0.0099009900990099,7.80863966968312e-63,4.42310597717728e-05,0,7.75865995527434e-09
"47014",0,1.03281819826047e-31,0.0099009900990099,0.0099009900990099,0.0099009900990099,0.0099009900990099,1.90851136968414e-106,6.22411995430822e-14,0,1.57280721167351e-31
"47018",8.94184014540974e-309,1.4761737493639e-10,0.0099009900990099,0.0099009900990099,0.0099009900990099,0.0099009900990099,3.84534199193548e-74,2.30423541144709e-05,8.94184014540974e-309,1.47617374936367e-10
"48003",0,2.11648559282305e-06,0.0099009900990099,0.0099009900990099,0.0099009900990099,0.0099009900990099,2.33033609851618e-71,0.0603374414541347,0,2.11648559282271e-06
"48004",0,2.92027412287686e-17,0.0099009900990099,0.0099009900990099,0.0099009900990099,0.0099009900990099,3.69409656392717e-109,2.89534272769822e-10,0,2.92027412287519e-17
"48005",1.44515933327697e-135,1.15545392270699e-08,0.0099009900990099,0.0099009900990099,0.0099009900990099,0.0099009900990099,7.68315731893528e-21,0.000358644943718945,1.44515933327721e-135,1.15545392270613e-08
"48011",0,4.58562284979449e-13,0.0099009900990099,0.0099009900990099,0.0099009900990099,0.0099009900990099,6.77226148596186e-92,7.66754370010375e-07,0,4.58562284979565e-13
"49001",0,1.82742244961076e-13,0.0099009900990099,0.0099009900990099,0.0099009900990099,0.0099009900990099,1.14566799625668e-112,2.57363986201665e-06,0,1.82742244961048e-13
"49002",0,0.000122272893197026,0.0099009900990099,0.0198019801980198,0.0099009900990099,0.0099009900990099,2.24931695129835e-93,0.0266521628130231,0,0.000122272893197074
"49004",2.92259222512639e-279,2.76636272306783e-10,0.0099009900990099,0.0099009900990099,0.0099009900990099,0.0099009900990099,5.59983059033238e-50,5.61091725552549e-05,2.92259222515024e-279,2.76636272306783e-10
"50001",0,3.56017272707457e-12,0.0099009900990099,0.0099009900990099,0.0099009900990099,0.0099009900990099,7.26830632209972e-189,3.05907529203762e-07,0,3.56017272707426e-12
"50002",0,9.85903762541185e-11,0.0099009900990099,0.0099009900990099,0.0099009900990099,0.0099009900990099,5.62119217678818e-245,6.15525523996123e-06,0,9.85903762540728e-11
"50006",0,2.14037180672661e-18,0.0099009900990099,0.0099009900990099,0.0099009900990099,0.0099009900990099,1.87063352103436e-109,4.82099991978463e-11,0,1.75549072607068e-18
"50007",0,1.39297695573472e-15,0.0099009900990099,0.0099009900990099,0.0099009900990099,0.0099009900990099,4.05508081165385e-104,7.78378723371092e-08,0,1.39297695573461e-15
"50008",1.50347120806869e-278,7.14482256722133e-12,0.0099009900990099,0.0099009900990099,0.0099009900990099,0.0099009900990099,1.27075283010277e-76,6.90406383130354e-07,1.5034712080617e-278,7.14482256721693e-12
"50011",0,1.20869435145395e-13,0.0099009900990099,0.0099009900990099,0.0099009900990099,0.0099009900990099,2.023617336588e-60,5.34826045408122e-08,0,1.20869435145481e-13
"5003",0,4.40375737074357e-05,0.0099009900990099,0.0099009900990099,0.0099009900990099,0.0099009900990099,4.82550418716189e-60,0.16215132554151,0,4.40375737074525e-05
"51001",1.68908829831112e-229,1.929725312628e-06,0.0099009900990099,0.0099009900990099,0.0099009900990099,0.0099009900990099,6.11094610981166e-19,0.00411570090404832,2.18517755134296e-229,2.27514646156838e-06
"52004",0,3.1336054813035e-09,0.0099009900990099,0.0099009900990099,0.0099009900990099,0.0099009900990099,1.90993137915762e-83,0.012928487662452,0,3.13360548130333e-09
"52005",0,7.13513404286211e-08,0.0099009900990099,0.0099009900990099,0.0099009900990099,0.0099009900990099,6.15013018456033e-84,0.00778391810749815,0,7.13513404286647e-08
"52006",0,2.5826992883632e-06,0.0099009900990099,0.0099009900990099,0.0099009900990099,0.0099009900990099,2.26115319525506e-100,0.0255305691178608,0,2.58269928836143e-06
"52007",0,8.28757369420678e-08,0.0099009900990099,0.0099009900990099,0.0099009900990099,0.0099009900990099,3.55424585890437e-113,0.00994224218187624,0,7.61659707477902e-08
"52009",0,1.90523583012269e-11,0.0099009900990099,0.0099009900990099,0.0099009900990099,0.0099009900990099,8.42831679489551e-120,1.39699674689378e-05,0,1.90523583012409e-11
"52010",0,2.16452816234764e-08,0.0099009900990099,0.0099009900990099,0.0099009900990099,0.0099009900990099,2.49266276929148e-123,0.000221251037027527,0,2.16452816234919e-08
"52011",0,7.08551287576057e-06,0.0099009900990099,0.0099009900990099,0.0099009900990099,0.0099009900990099,2.50543618670094e-176,0.000992814921616623,0,8.15057549124082e-06
"52015",0,0.000355929926346948,0.0099009900990099,0.0198019801980198,0.0099009900990099,0.0099009900990099,5.4547345904221e-42,0.181704352282449,0,0.00072534116708449
"52016",9.00043047577692e-224,1.46914830498402e-09,0.0099009900990099,0.0198019801980198,0.0099009900990099,0.0099009900990099,8.26183180475279e-39,0.00167986087404364,9.00043047577793e-224,1.4691483049836e-09
"53005",0,3.83225848593946e-06,0.0099009900990099,0.0099009900990099,0.0099009900990099,0.0099009900990099,4.8278057851532e-95,0.0340736883941558,0,2.90639026568969e-06
"53006",0,1.0768037653453e-07,0.0099009900990099,0.0099009900990099,0.0099009900990099,0.0099009900990099,3.46537223130806e-116,0.000789784193033697,0,1.07680376534586e-07
"53007",0,7.40314617346727e-09,0.0099009900990099,0.0099009900990099,0.0099009900990099,0.0099009900990099,4.71973331755167e-158,0.000119022433338525,0,7.403146173472e-09
"53008",0,0.0116031193119965,0.0099009900990099,0.0495049504950495,0.0099009900990099,0.0495049504950495,8.90529236720727e-95,0.223547773302072,0,0.0116031193119894
"53009",0,5.42976830079326e-12,0.0099009900990099,0.0099009900990099,0.0099009900990099,0.0099009900990099,1.04239035941647e-62,0.0457010368089216,0,5.42976830078607e-12
"53013",0,0.000269189446480163,0.0099009900990099,0.0099009900990099,0.0099009900990099,0.0099009900990099,5.21317473862811e-73,0.0405235939527572,0,0.000149257835403709
"53017",0,3.72080204190557e-07,0.0099009900990099,0.0099009900990099,0.0099009900990099,0.0099009900990099,2.61719828282433e-86,0.00279130904482362,0,3.72080204190394e-07
"53018",0,0.00156112309566534,0.0099009900990099,0.0099009900990099,0.0099009900990099,0.0099009900990099,1.32918428467146e-230,0.0616022813180153,0,0.00156112309566538
"53022",0,0.040539692473396,0.0099009900990099,0.0396039603960396,0.0099009900990099,0.0297029702970297,6.40277183653516e-121,0.284509488310466,0,0.0405396924734224
"53023",0,0.000251272201377532,0.0099009900990099,0.0099009900990099,0.0099009900990099,0.0198019801980198,9.75124235899813e-79,0.0207145037646639,0,0.000251272201377403
"53028",0,0.00200945690730679,0.0099009900990099,0.0297029702970297,0.0099009900990099,0.0198019801980198,7.79182894298917e-104,0.0525311724283601,0,0.00200945690730633
"54001",0,0.21562460610212,0.0099009900990099,0.207920792079208,0.0099009900990099,0.267326732673267,0,0.316045597639372,0,0.215624606102175
"54002",0,0.000681631712461533,0.0099009900990099,0.0099009900990099,0.0099009900990099,0.0099009900990099,9.3871291044986e-184,0.0186713351694926,0,0.000681631712461559
"54003",1.13152623587258e-290,0.0969220248819613,0.0099009900990099,0.207920792079208,0.0099009900990099,0.128712871287129,1.90299734102025e-51,0.874223169244688,8.21585570520656e-291,0.102461076129071
"54004",0,5.36263073628569e-10,0.0099009900990099,0.0099009900990099,0.0099009900990099,0.0099009900990099,8.74803980315252e-70,3.11449470478051e-05,0,4.38478322961093e-10
"54005",0,0.0836099601927321,0.0099009900990099,0.198019801980198,0.0099009900990099,0.0693069306930693,0,0.300840850872627,0,0.0836099601927563
"54007",0,1.52522076953837e-07,0.0099009900990099,0.0099009900990099,0.0099009900990099,0.0099009900990099,9.04609384089323e-75,0.00149897660919895,0,1.58300765562926e-07
"54008",0,0.002410108423844,0.0099009900990099,0.0198019801980198,0.0099009900990099,0.0099009900990099,1.14714489037195e-150,0.10818533903114,0,0.00241010842384451
"54011",0,0.00356326837304861,0.0099009900990099,0.0198019801980198,0.0099009900990099,0.0198019801980198,2.66916126027651e-88,0.134968154911135,0,0.00612620203695068
"54012",0,0.204851544306439,0.0099009900990099,0.178217821782178,0.0099009900990099,0.207920792079208,9.07497556104806e-244,0.339083603607845,0,0.204851544306435
"54015",0,0.000252618267757111,0.0099009900990099,0.0099009900990099,0.0099009900990099,0.0198019801980198,1.6752755632709e-43,0.0143107420384591,0,0.000351705016381222
"54016",0,0.535796391665112,0.0099009900990099,0.445544554455446,0.0099009900990099,0.544554455445545,4.51206466721353e-158,0.650316601403239,0,0.535796391665083
"54017",0,0.00403959993854688,0.0099009900990099,0.0099009900990099,0.0099009900990099,0.0297029702970297,3.25102622447753e-90,0.119121585969079,0,0.00401676077124604
"54018",0,0.00505380299506052,0.0099009900990099,0.0297029702970297,0.0099009900990099,0.0099009900990099,2.10144174283127e-74,0.0786432858013912,0,0.00505380299506227
"54019",0,0.830696214975037,0.0099009900990099,0.554455445544555,0.0099009900990099,0.792079207920792,1.44562337239704e-131,0.770659397566964,0,0.830696214975072
"54020",0,0.283256342808408,0.0099009900990099,0.168316831683168,0.0099009900990099,0.297029702970297,3.00819323478984e-192,0.410542176708048,0,0.283256342808422
"54022",0,3.36008259075345e-29,0.0099009900990099,0.0099009900990099,0.0099009900990099,0.0099009900990099,9.95247057452909e-156,1.00989424889584e-13,0,6.14401977996062e-29
"54024",0,0.0605961558452236,0.0099009900990099,0.0495049504950495,0.0099009900990099,0.0891089108910891,5.49117336101745e-210,0.294007967360288,0,0.0605961558451892
"54025",0,8.40855031345319e-23,0.0099009900990099,0.0099009900990099,0.0099009900990099,0.0099009900990099,5.4702112662612e-128,3.33571204658875e-10,0,8.40855031344742e-23
"54027",7.63065988808797e-265,1.14333422816349e-14,0.0099009900990099,0.0099009900990099,0.0099009900990099,0.0099009900990099,2.23760619835679e-28,2.11812009842763e-07,1.9552919610128e-264,6.17365093592874e-15
"54028",0,1.30113014083386e-10,0.0099009900990099,0.0099009900990099,0.0099009900990099,0.0099009900990099,0,8.52147425404793e-05,0,1.3011301408341e-10
"54029",0,0.192061957379967,0.0099009900990099,0.306930693069307,0.0099009900990099,0.158415841584158,4.50397844876434e-181,0.593034530167199,0,0.192061957379962
"54032",0,0.169676187705421,0.0099009900990099,0.198019801980198,0.0099009900990099,0.237623762376238,0,0.203846825357762,0,0.16967618770548
"54034",0,9.95144836416869e-06,0.0099009900990099,0.0198019801980198,0.0099009900990099,0.0099009900990099,1.06693034507287e-49,0.00111188883606789,0,9.95144836417008e-06
"54036",0,1.06289601666653e-09,0.0099009900990099,0.0099009900990099,0.0099009900990099,0.0099009900990099,2.03071224871022e-48,0.0320593050543673,0,1.5482959101886e-09
"54038",0,5.28017009667477e-12,0.0099009900990099,0.0099009900990099,0.0099009900990099,0.0099009900990099,1.51616583840377e-159,0.000238651325402683,0,5.28017009667774e-12
"54044",0,0.123328382921785,0.0099009900990099,0.0396039603960396,0.0099009900990099,0.108910891089109,5.74038879126124e-80,0.479796994689886,0,0.123328382921769
"54048",0,0.00388564837301247,0.0099009900990099,0.0198019801980198,0.0099009900990099,0.0396039603960396,1.1429644796738e-33,0.0725803869891241,0,0.00388564837301045
"54049",0,0.171791721615649,0.0099009900990099,0.0594059405940594,0.0099009900990099,0.148514851485149,3.09586147461556e-60,0.319795880207717,0,0.171791721615633
"54052",0,0.552651665297858,0.0099009900990099,0.277227722772277,0.0099009900990099,0.534653465346535,1.79678544409831e-75,0.717863679126281,0,0.546492754573608
"54057",0,0.220886361400499,0.0099009900990099,0.178217821782178,0.0099009900990099,0.148514851485149,2.97843834104876e-295,0.187607815565522,0,0.220886361400536
"54060",0,0.162722176718345,0.0099009900990099,0.118811881188119,0.0099009900990099,0.217821782178218,5.64795854479143e-18,0.749228561144334,0,0.173994017791481
"54063",0,4.9839435960288e-09,0.0099009900990099,0.0099009900990099,0.0099009900990099,0.0099009900990099,2.22885218951511e-32,0.00548809645483204,0,5.8336069941339e-09
"54080",0,1.29220438066037e-07,0.0099009900990099,0.0297029702970297,0.0099009900990099,0.0099009900990099,7.04942766803949e-47,0.00185941937935771,0,1.2922043806609e-07
"54095",0,0.0903806744778399,0.0099009900990099,0.118811881188119,0.0099009900990099,0.0297029702970297,0,0.204871575449363,0,0.0903806744778734
"54096",0,0.233222599558644,0.0099009900990099,0.108910891089109,0.0099009900990099,0.267326732673267,3.34716442962459e-47,0.610066497898706,0,0.40712882159626
"55002",0,0.142447540206894,0.0099009900990099,0.336633663366337,0.0099009900990099,0.108910891089109,0,0.498259056520021,0,0.278701845918165
"55007",0,1.03692699412142e-13,0.0099009900990099,0.0099009900990099,0.0099009900990099,0.0099009900990099,1.50471554635868e-224,1.32889785124795e-07,0,1.03692699412131e-13
"55008",0,2.71763947511089e-25,0.0099009900990099,0.0099009900990099,0.0099009900990099,0.0099009900990099,2.87748748585892e-145,2.32530330910629e-12,0,2.71763947511035e-25
"55013",0,3.92502970982398e-05,0.0099009900990099,0.0099009900990099,0.0099009900990099,0.0099009900990099,1.51966682426231e-63,0.0110710450404533,0,3.86488633429751e-05
"55014",0,0.000342100901957331,0.0099009900990099,0.0297029702970297,0.0099009900990099,0.0099009900990099,3.05100399347733e-100,0.0344740205325483,0,0.00048942510629199
"55016",0,1.22508712938713e-12,0.0099009900990099,0.0099009900990099,0.0099009900990099,0.0099009900990099,2.01167359488113e-200,2.48094080712354e-06,0,1.48153255316436e-12
"55018",0,0.0629661846913468,0.0099009900990099,0.0198019801980198,0.0099009900990099,0.0594059405940594,8.91726762136551e-73,0.235177403421788,0,0.0629661846913344
"55021",0,0.00328204135982773,0.0099009900990099,0.0099009900990099,0.0099009900990099,0.0099009900990099,6.56360317518859e-114,0.168867687192154,0,0.00328204135982772
"55023",0,0.231939573928739,0.0099009900990099,0.247524752475248,0.0099009900990099,0.326732673267327,0,0.486743720991986,0,0.231939573928683
"55025",0,7.9963490371776e-09,0.0099009900990099,0.0099009900990099,0.0099009900990099,0.0099009900990099,2.67368627591595e-48,0.000272615326784777,0,7.99634903718049e-09
"55026",0,2.66780631653791e-30,0.0099009900990099,0.0099009900990099,0.0099009900990099,0.0099009900990099,2.79702965296086e-231,8.28391471003705e-17,0,2.66780631653756e-30
"55029",0,1.37902313006723e-07,0.0099009900990099,0.0099009900990099,0.0099009900990099,0.0099009900990099,6.90869428373806e-71,0.00195885830167334,0,1.37902313006721e-07
"55032",0,2.34108907511921e-07,0.0099009900990099,0.0099009900990099,0.0099009900990099,0.0099009900990099,7.03390368717658e-86,0.000846878342166848,0,2.34108907511893e-07
"56001",0,1.61350235142621e-08,0.0099009900990099,0.0099009900990099,0.0099009900990099,0.0099009900990099,8.79000895826033e-195,0.00289651122504837,0,1.61350235142603e-08
"56002",0,7.77792015908244e-23,0.0099009900990099,0.0099009900990099,0.0099009900990099,0.0099009900990099,2.4814927903176e-85,1.28762707902861e-08,0,7.7779201590718e-23
"56007",0,3.6017239014571e-30,0.0099009900990099,0.0099009900990099,0.0099009900990099,0.0099009900990099,8.0483990931491e-96,1.39619565396598e-10,0,3.60172390145513e-30
"56012",0,1.86396427556861e-09,0.0099009900990099,0.0099009900990099,0.0099009900990099,0.0099009900990099,4.29597454175353e-62,0.000366338445862031,0,1.86396427556953e-09
"56013",0,2.33342449437402e-12,0.0099009900990099,0.0099009900990099,0.0099009900990099,0.0099009900990099,4.74034314133204e-112,2.12836360904464e-06,0,2.33342449437021e-12
"57004",0,3.34682711866736e-35,0.0099009900990099,0.0099009900990099,0.0099009900990099,0.0099009900990099,1.91521559466445e-128,8.5391545762269e-14,0,3.34682711867124e-35
"57005",0,1.11120423465313e-26,0.0099009900990099,0.0099009900990099,0.0099009900990099,0.0099009900990099,1.39163796474723e-129,7.31648639766502e-09,0,8.99074197333682e-27
"57006",0,5.88659517946154e-46,0.0099009900990099,0.0099009900990099,0.0099009900990099,0.0099009900990099,7.23617559701697e-147,8.87374569012044e-19,0,4.82956861063802e-46
"57007",0,5.58149026371819e-18,0.0099009900990099,0.0099009900990099,0.0099009900990099,0.0099009900990099,5.74649174434756e-92,1.01002609084515e-06,0,2.40178051430497e-18
"57008",0,4.36078532654555e-19,0.0099009900990099,0.0099009900990099,0.0099009900990099,0.0099009900990099,2.39264602504775e-116,2.23453812518765e-07,0,5.36344953021422e-19
"57009",0,5.04632234534235e-15,0.0099009900990099,0.0099009900990099,0.0099009900990099,0.0099009900990099,8.54291869211718e-163,1.44142907247771e-06,0,9.06674681345231e-15
"58001",0,3.40080435480832e-22,0.0099009900990099,0.0099009900990099,0.0099009900990099,0.0099009900990099,2.22200593069403e-67,4.06277257256361e-07,0,2.4956472289262e-22
"58002",0,2.38099069013902e-32,0.0099009900990099,0.0099009900990099,0.0099009900990099,0.0099009900990099,4.53119305275683e-158,7.95258682730138e-13,0,2.20411614109812e-32
"58006",0,1.82891213606235e-32,0.0099009900990099,0.0099009900990099,0.0099009900990099,0.0099009900990099,1.34609013547949e-137,3.37067294914928e-12,0,1.29624720430344e-32
"58008",0,2.39749401379715e-31,0.0099009900990099,0.0099009900990099,0.0099009900990099,0.0099009900990099,8.79287450731247e-124,6.07189718360445e-14,0,5.12517619788508e-32
"58009",0,6.77114545107496e-12,0.0099009900990099,0.0099009900990099,0.0099009900990099,0.0099009900990099,8.97635229177635e-56,0.0104698376726689,0,3.14619621357207e-12
"58010",1.21391191247216e-265,7.167710584994e-25,0.0099009900990099,0.0099009900990099,0.0099009900990099,0.0099009900990099,8.68196860051425e-66,2.93882460137154e-11,6.76916413859295e-266,4.84621542230293e-25
"58012",0,7.60739124016078e-35,0.0099009900990099,0.0099009900990099,0.0099009900990099,0.0099009900990099,1.0173318019671e-141,3.67144621697967e-15,0,7.60739124017004e-35
"59001",0,1.41688183457553e-28,0.0099009900990099,0.0099009900990099,0.0099009900990099,0.0099009900990099,1.64225904789464e-187,5.63306134339106e-13,0,1.51552470357131e-27
"60002",0,4.53422503766503e-15,0.0099009900990099,0.0099009900990099,0.0099009900990099,0.0099009900990099,5.34985911382077e-133,2.5205839315172e-07,0,4.53422503767047e-15
"60003",0,6.98908690485646e-13,0.0099009900990099,0.0099009900990099,0.0099009900990099,0.0099009900990099,1.31960137209125e-161,2.66622770628732e-07,0,4.38019832105126e-12
"60005",0,1.00617099630839e-17,0.0099009900990099,0.0099009900990099,0.0099009900990099,0.0099009900990099,8.33121543102975e-122,4.78963721389878e-10,0,1.00617099630698e-17
"60006",0,3.04654008855125e-18,0.0099009900990099,0.0099009900990099,0.0099009900990099,0.0099009900990099,4.22086793238115e-105,1.90179393541801e-07,0,3.04654008855072e-18
"60010",0,5.75093178484269e-09,0.0099009900990099,0.0099009900990099,0.0099009900990099,0.0099009900990099,0,0.000370215797902884,0,1.04304941442881e-08
"60012",0,8.76696622469951e-20,0.0099009900990099,0.0099009900990099,0.0099009900990099,0.0099009900990099,2.78972234986575e-114,1.04238757906687e-10,0,8.76696622470788e-20
"6007",0,0.0138099121899101,0.0099009900990099,0.0693069306930693,0.0099009900990099,0.0297029702970297,0,0.175907722346725,0,0.0406827087440016
"6008",0,0.0191212984600522,0.0099009900990099,0.0594059405940594,0.0099009900990099,0.0297029702970297,4.6026480710116e-225,0.51380397497422,0,0.0191212984600399
"61001",0,3.40064961031284e-14,0.0099009900990099,0.0099009900990099,0.0099009900990099,0.0099009900990099,2.0546845101248e-133,1.76480920088655e-08,0,2.36676208948784e-13
"61002",0,1.34316568926514e-15,0.0099009900990099,0.0099009900990099,0.0099009900990099,0.0099009900990099,6.63841129322251e-126,1.74423307764144e-09,0,1.34316568926645e-15
"62001",0,1.70884651402622e-06,0.0099009900990099,0.0099009900990099,0.0099009900990099,0.0099009900990099,1.02521846472185e-255,0.00858862943671733,0,6.77908560947612e-06
"63001",0,6.63497942051547e-23,0.0099009900990099,0.0099009900990099,0.0099009900990099,0.0099009900990099,1.75495909641488e-202,3.68680639832349e-13,0,6.63497942052302e-23
"63004",0,3.12033047049765e-20,0.0099009900990099,0.0099009900990099,0.0099009900990099,0.0099009900990099,3.02197403664997e-163,9.84276657126142e-10,0,3.12033047049806e-20
"64001",0,3.36668811438557e-30,0.0099009900990099,0.0099009900990099,0.0099009900990099,0.0099009900990099,3.56533318770383e-267,1.10179815903193e-15,0,3.36668811438785e-30
"64002",0,2.41755239958034e-24,0.0099009900990099,0.0099009900990099,0.0099009900990099,0.0099009900990099,6.90713412618488e-159,9.1353879996429e-14,0,2.41755239957655e-24
"64006",0,1.62203683582755e-19,0.0099009900990099,0.0099009900990099,0.0099009900990099,0.0099009900990099,8.31719473048764e-149,5.08254841144163e-13,0,1.77379172205681e-19
"65001",0,5.20106643423843e-61,0.0099009900990099,0.0099009900990099,0.0099009900990099,0.0099009900990099,4.42721306387568e-316,1.87675891937581e-43,0,5.20106643424046e-61
"65004",0,2.05051854847706e-19,0.0099009900990099,0.0099009900990099,0.0099009900990099,0.0099009900990099,6.35368124736426e-310,4.3084753205471e-12,0,2.05051854847713e-19
"65005",0,1.8861932227472e-10,0.0099009900990099,0.0099009900990099,0.0099009900990099,0.0099009900990099,2.19566370709276e-170,0.669811954144747,0,1.88619322274698e-10
"65006",0,9.01881661657145e-18,0.0099009900990099,0.0099009900990099,0.0099009900990099,0.0099009900990099,0,3.14305682640422e-11,0,6.4928638705567e-18
"65007",0,1.49591233783015e-37,0.0099009900990099,0.0099009900990099,0.0099009900990099,0.0099009900990099,1.24468335175359e-260,1.46255594021281e-25,0,2.51871683900667e-37
"65008",0,1.18826137071688e-32,0.0099009900990099,0.0099009900990099,0.0099009900990099,0.0099009900990099,2.81222232821125e-183,1.53836688146326e-20,0,8.45798364081063e-33
"66001",0,0.000291928952869972,0.0099009900990099,0.0297029702970297,0.0099009900990099,0.0099009900990099,2.29874767901453e-134,0.0265358489094843,0,0.000291928952870095
"66004",1.13890222363068e-297,8.44121969514464e-08,0.0099009900990099,0.0099009900990099,0.0099009900990099,0.0099009900990099,2.38845840215344e-24,6.12841224637388e-05,1.13890222363647e-297,8.44121969514906e-08
"66006",0,3.40335618532911e-14,0.0099009900990099,0.0099009900990099,0.0099009900990099,0.0099009900990099,4.95118629296721e-89,4.58679125071105e-05,0,3.40335618533103e-14
"66011",0,1.88839623471842e-53,0.0099009900990099,0.0099009900990099,0.0099009900990099,0.0099009900990099,4.10002349420567e-247,2.35181892975526e-28,0,1.56050867939046e-53
"67001",0,0.0171453704044074,0.0099009900990099,0.0495049504950495,0.0099009900990099,0.0099009900990099,0,0.114911794543217,0,0.0171453704044042
"67005",0,9.91415408451757e-06,0.0099009900990099,0.0099009900990099,0.0099009900990099,0.0099009900990099,3.15568515616022e-95,0.0407411882952054,0,9.91415408451419e-06
"67006",0,8.20951888153924e-24,0.0099009900990099,0.0099009900990099,0.0099009900990099,0.0099009900990099,1.51941671584986e-122,2.06614462457669e-09,0,8.20951888155083e-24
"67008",0,6.21989418899775e-08,0.0099009900990099,0.0099009900990099,0.0099009900990099,0.0099009900990099,1.75664256406063e-98,0.00180664577313243,0,6.21989418900099e-08
"67010",0,4.87701250306701e-23,0.0099009900990099,0.0099009900990099,0.0099009900990099,0.0099009900990099,6.73237407168051e-115,1.75545915533186e-05,0,4.42632852060058e-23
"67015",0,5.06055176057361e-08,0.0099009900990099,0.0099009900990099,0.0099009900990099,0.0099009900990099,4.08489617189714e-286,0.00484725734679571,0,5.06055176057204e-08
"67018",0,1.76541122349505e-53,0.0099009900990099,0.0099009900990099,0.0099009900990099,0.0099009900990099,1.02297155797545e-162,3.14492894363522e-30,0,1.76541122349377e-53
"67025",0,1.65806723021667e-10,0.0099009900990099,0.0099009900990099,0.0099009900990099,0.0099009900990099,7.36086220659706e-75,5.98842071665359e-05,0,1.6580672302166e-10
"67033",0,0.123789143532932,0.0099009900990099,0.128712871287129,0.0099009900990099,0.099009900990099,8.47488451359581e-279,0.503524647993369,0,0.123789143532902
"68001",0,0.000153301490191783,0.0099009900990099,0.0099009900990099,0.0099009900990099,0.0099009900990099,2.6696771204224e-227,0.00202916563209384,0,0.000153301490191737
"68003",0,0.000155192201069191,0.0099009900990099,0.0099009900990099,0.0099009900990099,0.0099009900990099,4.48056850704411e-311,0.00675165015181905,0,0.000227065352924743
"68004",0,3.42117241247354e-11,0.0099009900990099,0.0099009900990099,0.0099009900990099,0.0099009900990099,1.94015600862873e-74,1.08038834241121e-06,0,3.62498099238092e-11
"68005",0,0.000236476167779504,0.0099009900990099,0.0099009900990099,0.0099009900990099,0.0099009900990099,5.15601111412684e-132,0.0320793376166785,0,0.000281612401223362
"68020",0,0.00425008993036931,0.0099009900990099,0.0198019801980198,0.0099009900990099,0.0099009900990099,8.50338182531981e-110,0.0273121530400695,0,0.00804953866027482
"69002",0,8.04022658186923e-24,0.0099009900990099,0.0099009900990099,0.0099009900990099,0.0099009900990099,5.2917358786564e-253,2.71995438588879e-17,0,8.04022658186652e-24
"69007",0,3.27078816759422e-15,0.0099009900990099,0.0099009900990099,0.0099009900990099,0.0099009900990099,9.82929699168245e-207,1.85914267834529e-09,0,3.64015668491317e-15
"69012",0,5.78962589119887e-27,0.0099009900990099,0.0099009900990099,0.0099009900990099,0.0099009900990099,3.06714842280795e-123,2.98630353225844e-18,0,5.78962589120295e-27
"69015",0,1.09865917127782e-17,0.0099009900990099,0.0099009900990099,0.0099009900990099,0.0099009900990099,5.18409657697547e-91,2.5645476772737e-10,0,2.1203676210863e-17
"69017",0,4.7124320117031e-20,0.0099009900990099,0.0099009900990099,0.0099009900990099,0.0099009900990099,2.99973322685077e-94,5.78585366982491e-14,0,4.71243201169951e-20
"69023",0,2.1881537064965e-32,0.0099009900990099,0.0099009900990099,0.0099009900990099,0.0099009900990099,9.39329585827783e-135,1.42415607622242e-24,0,2.18815370649853e-32
"69027",0,3.70844405553427e-28,0.0099009900990099,0.0099009900990099,0.0099009900990099,0.0099009900990099,9.63000004386222e-160,2.01424222947914e-18,0,3.70844405553192e-28
"69030",0,1.09391972481054e-11,0.0099009900990099,0.0099009900990099,0.0099009900990099,0.0099009900990099,4.51578120299339e-162,5.87923404109857e-06,0,7.95174361932945e-12
"69032",0,5.80171089651922e-18,0.0099009900990099,0.0099009900990099,0.0099009900990099,0.0099009900990099,2.89418079667322e-91,2.75315096788508e-11,0,3.65233023078176e-18
"69043",1.76174440453282e-205,7.67450941995731e-16,0.0099009900990099,0.0099009900990099,0.0099009900990099,0.0099009900990099,4.39286871005368e-19,4.54348606507074e-06,1.85914724403291e-205,6.10531868189404e-16
"70002",0,2.70879364002803e-11,0.0099009900990099,0.0099009900990099,0.0099009900990099,0.0099009900990099,6.91459246367331e-186,0.000104054315038593,0,3.43878552130181e-11
"7001",0,4.96804222500132e-08,0.0099009900990099,0.0099009900990099,0.0099009900990099,0.0099009900990099,9.06451879744536e-72,0.000191674068241833,0,5.05943081085433e-08
"7002",0,3.4225313441749e-10,0.0099009900990099,0.0099009900990099,0.0099009900990099,0.0099009900990099,3.34692334703241e-109,6.69046371509147e-06,0,2.8191034424329e-10
"7003",0,2.32483796274377e-10,0.0099009900990099,0.0099009900990099,0.0099009900990099,0.0099009900990099,4.7341691687407e-83,4.73926927128734e-05,0,2.65872382400966e-10
"7005",0,1.62751201833646e-14,0.0099009900990099,0.0099009900990099,0.0099009900990099,0.0099009900990099,4.22181753784181e-71,1.59542937161182e-07,0,1.62751201833679e-14
"7006",0,2.7332421503787e-15,0.0099009900990099,0.0099009900990099,0.0099009900990099,0.0099009900990099,5.5806880187741e-44,3.06907979654952e-05,0,2.73324215037689e-15
"71001",0,2.18828558139618e-29,0.0099009900990099,0.0099009900990099,0.0099009900990099,0.0099009900990099,0,5.84764960715918e-18,0,5.03609026094055e-29
"71004",0,8.86155052434072e-36,0.0099009900990099,0.0099009900990099,0.0099009900990099,0.0099009900990099,8.03756115911259e-162,3.34063379360861e-23,0,8.86155052434774e-36
"71006",0,5.63122747293781e-30,0.0099009900990099,0.0099009900990099,0.0099009900990099,0.0099009900990099,0,7.23285348022539e-18,0,5.63122747294109e-30
"71008",0,3.59472993896811e-37,0.0099009900990099,0.0099009900990099,0.0099009900990099,0.0099009900990099,2.21499774756036e-140,3.36301122602845e-23,0,3.5947299389665e-37
"71014",0,2.6877841004352e-31,0.0099009900990099,0.0099009900990099,0.0099009900990099,0.0099009900990099,4.62829615545716e-141,6.41190420680057e-21,0,2.68778410043597e-31
"72002",0,1.01852094797762e-20,0.0099009900990099,0.0099009900990099,0.0099009900990099,0.0099009900990099,8.11423885155472e-255,2.21470374287065e-12,0,1.88799810726321e-20
"72004",0,1.42782009367916e-33,0.0099009900990099,0.0099009900990099,0.0099009900990099,0.0099009900990099,0,1.0395622411451e-19,0,1.42782009367854e-33
"72005",0,5.2865450359243e-50,0.0099009900990099,0.0099009900990099,0.0099009900990099,0.0099009900990099,4.79850117422759e-172,5.45000621116842e-26,0,2.9594565641319e-50
"72007",0,6.88877102940046e-21,0.0099009900990099,0.0099009900990099,0.0099009900990099,0.0099009900990099,7.68213831530098e-103,4.48529968306579e-11,0,8.15753331641138e-21
"72009",0,3.81922019087132e-28,0.0099009900990099,0.0099009900990099,0.0099009900990099,0.0099009900990099,4.74347589699827e-126,1.66010313811295e-12,0,3.81922019086998e-28
"72014",0,9.20854631173239e-22,0.0099009900990099,0.0099009900990099,0.0099009900990099,0.0099009900990099,5.00154364460266e-123,3.06488072841405e-15,0,9.20854631171676e-22
"72015",0,1.7556181001377e-41,0.0099009900990099,0.0099009900990099,0.0099009900990099,0.0099009900990099,4.39286352977634e-104,2.32769966811471e-19,0,9.63893392743157e-42
"73005",0,2.12755992214006e-47,0.0099009900990099,0.0099009900990099,0.0099009900990099,0.0099009900990099,1.902937311375e-229,1.78552899257879e-28,0,2.24282412047909e-47
"73009",0,1.8949161014106e-50,0.0099009900990099,0.0099009900990099,0.0099009900990099,0.0099009900990099,1.9592934879963e-144,1.98763690245403e-26,0,1.89491610140967e-50
"73010",0,2.10102336732769e-33,0.0099009900990099,0.0099009900990099,0.0099009900990099,0.0099009900990099,0,1.30714531052115e-23,0,1.45609699910729e-33
"73011",0,3.14748232435183e-46,0.0099009900990099,0.0099009900990099,0.0099009900990099,0.0099009900990099,7.63915658814062e-169,1.10188061568053e-26,0,1.22070526845323e-46
"73014",0,1.20896569243608e-35,0.0099009900990099,0.0099009900990099,0.0099009900990099,0.0099009900990099,1.3782867053879e-309,2.82530056393079e-19,0,1.20896569243767e-35
"73015",0,3.91298226127521e-17,0.0099009900990099,0.0099009900990099,0.0099009900990099,0.0099009900990099,4.13477387674029e-62,6.48795614352924e-11,0,5.10805082679549e-17
"74001",0,5.35084790841231e-36,0.0099009900990099,0.0099009900990099,0.0099009900990099,0.0099009900990099,4.0550220936719e-246,1.10052953194106e-16,0,3.92905396449496e-36
"74005",0,1.44556434616919e-38,0.0099009900990099,0.0099009900990099,0.0099009900990099,0.0099009900990099,4.55788101346286e-237,3.91262107116255e-33,0,2.64564179589348e-38
"74006",0,1.91729817807308e-40,0.0099009900990099,0.0099009900990099,0.0099009900990099,0.0099009900990099,1.06119533827227e-186,9.43647927304146e-25,0,1.00449061790606e-40
"74007",0,3.45775313816644e-35,0.0099009900990099,0.0099009900990099,0.0099009900990099,0.0099009900990099,1.43836787686846e-196,6.50891159391293e-13,0,3.48858007388243e-35
"75003",0,1.94051378434849e-19,0.0099009900990099,0.0099009900990099,0.0099009900990099,0.0099009900990099,0,1.44649833903932e-07,0,1.61330601881206e-19
"75004",0,1.89726209251688e-45,0.0099009900990099,0.0099009900990099,0.0099009900990099,0.0099009900990099,1.97269631304359e-218,8.47599332095115e-33,0,1.74701321959219e-45
"75017",0,7.06778745996151e-30,0.0099009900990099,0.0099009900990099,0.0099009900990099,0.0099009900990099,3.3638158287602e-149,1.51305706397798e-20,0,4.01028492127414e-30
"76003",0,3.38589272447514e-39,0.0099009900990099,0.0099009900990099,0.0099009900990099,0.0099009900990099,1.07738238673848e-179,1.19246384523747e-17,0,3.25899902092505e-39
"76005",0,1.68576120375022e-26,0.0099009900990099,0.0099009900990099,0.0099009900990099,0.0099009900990099,8.73949184240764e-197,6.10038098350524e-12,0,6.64115721459183e-27
"76007",0,1.19457480103075e-15,0.0099009900990099,0.0099009900990099,0.0099009900990099,0.0099009900990099,0,2.10472631310899e-06,0,6.74029336990619e-16
"76008",0,2.24702342576976e-20,0.0099009900990099,0.0099009900990099,0.0099009900990099,0.0099009900990099,9.83728173886025e-252,1.96758247395398e-13,0,2.89155536571638e-20
"76011",0,3.69131213921923e-27,0.0099009900990099,0.0099009900990099,0.0099009900990099,0.0099009900990099,6.33440466431749e-125,8.4591515147635e-12,0,5.24711792963815e-27
"76014",0,8.69693988704137e-28,0.0099009900990099,0.0099009900990099,0.0099009900990099,0.0099009900990099,4.39772842504745e-127,8.48911083961022e-10,0,7.16978369378127e-28
"77002",0,2.46771154024314e-42,0.0099009900990099,0.0099009900990099,0.0099009900990099,0.0099009900990099,3.44704285553886e-268,2.91755695476537e-27,0,2.8647413472793e-42
"77003",0,1.81996740597178e-39,0.0099009900990099,0.0099009900990099,0.0099009900990099,0.0099009900990099,7.39306371422096e-236,1.14465042457033e-24,0,1.97614536346787e-39
"77004",0,2.22376530563279e-31,0.0099009900990099,0.0099009900990099,0.0099009900990099,0.0099009900990099,1.74968536407971e-164,6.61660961519704e-17,0,2.22376530563031e-31
"78003",0,3.98629462170072e-21,0.0099009900990099,0.0099009900990099,0.0099009900990099,0.0099009900990099,0,1.59830906773322e-13,0,2.77806730517539e-21
"78004",0,3.58442485778962e-27,0.0099009900990099,0.0099009900990099,0.0099009900990099,0.0099009900990099,1.58852744079361e-229,3.38701483895657e-17,0,4.52935254998328e-27
"78006",0,6.99267954843213e-26,0.0099009900990099,0.0099009900990099,0.0099009900990099,0.0099009900990099,4.24711588199441e-175,6.32722313949168e-16,0,6.99267954843431e-26
"79002",0,2.62537486468171e-24,0.0099009900990099,0.0099009900990099,0.0099009900990099,0.0099009900990099,6.53648849447969e-321,6.68194090848943e-13,0,9.06523506847925e-24
"79003",0,6.26579389002949e-12,0.0099009900990099,0.0099009900990099,0.0099009900990099,0.0099009900990099,1.78999983488284e-320,4.91516428433697e-06,0,2.58913735452361e-11
"79004",0,3.34737123807958e-34,0.0099009900990099,0.0099009900990099,0.0099009900990099,0.0099009900990099,1.14629248071657e-202,4.17075902336237e-18,0,8.36579591982084e-34
"79005",0,1.43207895723698e-24,0.0099009900990099,0.0099009900990099,0.0099009900990099,0.0099009900990099,2.78090330708031e-302,3.82052036493284e-14,0,3.0952635109723e-24
"79006",0,1.21141977050909e-25,0.0099009900990099,0.0099009900990099,0.0099009900990099,0.0099009900990099,7.64937886209598e-297,5.09779020247915e-14,0,5.28461468353649e-25
"80001",0,7.98760981975579e-20,0.0099009900990099,0.0099009900990099,0.0099009900990099,0.0099009900990099,0,6.32973403971796e-13,0,6.8313262606608e-20
"80002",0,0.0608925124877582,0.0099009900990099,0.128712871287129,0.0099009900990099,0.0891089108910891,0,0.211140539928817,0,0.0608925124877436
"80003",2.18243063730124e-290,1.08035113925932e-18,0.0099009900990099,0.0099009900990099,0.0099009900990099,0.0099009900990099,7.30517753440834e-103,4.02846645146124e-10,2.18243063729582e-290,1.08035113925907e-18
"80004",0,4.29939101022636e-23,0.0099009900990099,0.0099009900990099,0.0099009900990099,0.0099009900990099,1.70414784715268e-128,1.51321042813763e-14,0,1.19245879935751e-22
"80005",1.09305087559982e-179,1.44820405226377e-20,0.0099009900990099,0.0099009900990099,0.0099009900990099,0.0099009900990099,1.01948174291841e-35,1.25406395467434e-09,1.44835620981628e-179,1.46439134022837e-20
"80006",0,1.2121557681865e-20,0.0099009900990099,0.0099009900990099,0.0099009900990099,0.0099009900990099,0,4.46187870006458e-15,0,1.21215576818669e-20
"8004",0,5.07810220584962e-23,0.0099009900990099,0.0099009900990099,0.0099009900990099,0.0099009900990099,3.2882761915763e-67,2.33297648218016e-13,0,4.33903922498753e-23
"8005",0,0.358732438177297,0.0099009900990099,0.435643564356436,0.0099009900990099,0.405940594059406,0,0.815909532672765,0,0.372359261383032
"8006",0,4.88180496698017e-09,0.0099009900990099,0.0099009900990099,0.0099009900990099,0.0099009900990099,4.03082312494943e-227,2.3307290937355e-05,0,3.41251018965379e-09
"8009",0,1.64573829675672e-05,0.0099009900990099,0.0099009900990099,0.0099009900990099,0.0099009900990099,1.19781065290785e-105,0.00378905801481572,0,1.77560399854347e-05
"8011",0,1.1494520441603e-13,0.0099009900990099,0.0099009900990099,0.0099009900990099,0.0099009900990099,9.84647249673873e-48,1.28814134664146e-05,0,1.14945204416016e-13
"8013",7.46164829793717e-133,0.0291134080002525,0.0099009900990099,0.0396039603960396,0.0099009900990099,0.0396039603960396,2.95170832489617e-32,0.401862157462048,7.46164829793675e-133,0.0291134080002633
"81002",0,1.53715656798061e-27,0.0099009900990099,0.0099009900990099,0.0099009900990099,0.0099009900990099,0,2.32587948028824e-19,0,2.24502374945402e-27
"81003",0,1.606266065138e-24,0.0099009900990099,0.0099009900990099,0.0099009900990099,0.0099009900990099,0,1.33269728844637e-18,0,1.84674427076553e-24
"81004",0,2.36419696528986e-06,0.0099009900990099,0.0099009900990099,0.0099009900990099,0.0099009900990099,0,0.000539111280908525,0,2.36419696529004e-06
"81006",0,2.05455655967525e-28,0.0099009900990099,0.0099009900990099,0.0099009900990099,0.0099009900990099,7.73101389751127e-250,6.14444186210621e-18,0,2.05455655967492e-28
"81007",0,3.6267361317137e-20,0.0099009900990099,0.0099009900990099,0.0099009900990099,0.0099009900990099,4.11598994789558e-208,6.51858403781156e-16,0,3.62673613171247e-20
"82001",0,3.5170026844189e-13,0.0099009900990099,0.0099009900990099,0.0099009900990099,0.0099009900990099,7.38561830735825e-252,9.19097301153526e-07,0,3.14202375516327e-13
"82003",0,4.81756298470561e-20,0.0099009900990099,0.0099009900990099,0.0099009900990099,0.0099009900990099,8.08398255678495e-287,1.45274379416335e-13,0,3.56774844815921e-20
"83003",0,1.05527899745508e-13,0.0099009900990099,0.0099009900990099,0.0099009900990099,0.0099009900990099,6.02740416598338e-274,2.80736237923404e-05,0,1.05032447521619e-13
"83004",0,9.87109932003385e-17,0.0099009900990099,0.0099009900990099,0.0099009900990099,0.0099009900990099,1.93660457337287e-205,2.06845308356505e-08,0,1.05806166412796e-16
"83006",0,2.53659722618477e-12,0.0099009900990099,0.0099009900990099,0.0099009900990099,0.0099009900990099,0,6.64358642580039e-06,0,2.53659722618619e-12
"83007",0,1.61060239469205e-30,0.0099009900990099,0.0099009900990099,0.0099009900990099,0.0099009900990099,4.1848473840885e-281,1.95798800217869e-16,0,1.61060239469373e-30
"83009",0,1.99440448870791e-22,0.0099009900990099,0.0099009900990099,0.0099009900990099,0.0099009900990099,4.3274819794048e-91,8.7488827322723e-07,0,1.99440448870868e-22
"83010",0,5.22451409433398e-23,0.0099009900990099,0.0099009900990099,0.0099009900990099,0.0099009900990099,1.23570880468484e-158,0.000185991498194652,0,5.2245140943377e-23
"83013",0,3.3970989843926e-16,0.0099009900990099,0.0099009900990099,0.0099009900990099,0.0099009900990099,1.49699472509387e-139,0.00262934926086039,0,2.62977050676033e-16
"84001",0,1.12755369601377e-24,0.0099009900990099,0.0099009900990099,0.0099009900990099,0.0099009900990099,0,1.55050200179722e-14,0,1.18392798572022e-24
"84004",0,3.42802110451242e-07,0.0099009900990099,0.0099009900990099,0.0099009900990099,0.0099009900990099,0,0.000617673699566941,0,1.9501884878722e-07
"84005",0,6.27672246682812e-10,0.0099009900990099,0.0099009900990099,0.0099009900990099,0.0099009900990099,0,0.000232594003537096,0,7.21878239211147e-10
"84008",0,7.23354630814179e-22,0.0099009900990099,0.0099009900990099,0.0099009900990099,0.0099009900990099,1.27859258188712e-142,2.12821368475473e-08,0,1.13136275228897e-21
"84009",0,5.64271824068986e-12,0.0099009900990099,0.0099009900990099,0.0099009900990099,0.0099009900990099,8.40748722432502e-143,0.000908869440913452,0,7.03859655802135e-12
"84012",0,1.20284671052388e-28,0.0099009900990099,0.0099009900990099,0.0099009900990099,0.0099009900990099,1.14708557875375e-282,1.2695128995294e-12,0,7.4494601240328e-29
"84013",0,1.63781472182833e-11,0.0099009900990099,0.0099009900990099,0.0099009900990099,0.0099009900990099,0,0.000181707835020572,0,1.6561848577282e-11
"84014",0,2.29635392132183e-19,0.0099009900990099,0.0099009900990099,0.0099009900990099,0.0099009900990099,1.30969736577542e-267,4.71479111685317e-06,0,2.54584515158426e-19
"84016",0,3.44410986211657e-15,0.0099009900990099,0.0099009900990099,0.0099009900990099,0.0099009900990099,3.0882010255165e-53,0.023620684257048,0,2.8868680794022e-15
"84017",0,6.30771204701844e-13,0.0099009900990099,0.0099009900990099,0.0099009900990099,0.0099009900990099,0,1.24822767172846e-06,0,5.69565497721864e-13
"84018",0,1.86232580305141e-07,0.0099009900990099,0.0099009900990099,0.0099009900990099,0.0099009900990099,2.08902101948056e-288,0.000965887284755634,0,1.54438158774977e-07
"84019",0,7.53084814895929e-20,0.0099009900990099,0.0099009900990099,0.0099009900990099,0.0099009900990099,3.46223270344143e-118,3.9095461605417e-10,0,3.08657306249026e-19
"84020",0,2.6543871064797e-24,0.0099009900990099,0.0099009900990099,0.0099009900990099,0.0099009900990099,1.87154561942754e-155,2.76648481943603e-08,0,2.67068843948601e-24
"84022",0,2.5514678210386e-17,0.0099009900990099,0.0099009900990099,0.0099009900990099,0.0099009900990099,9.552202418731e-175,2.77416731315246e-06,0,2.99733922362828e-17
"84026",0,3.35164316411373e-24,0.0099009900990099,0.0099009900990099,0.0099009900990099,0.0099009900990099,8.87708115380705e-150,2.46619800468246e-12,0,3.35164316411063e-24
"84030",0,2.19473107764684e-25,0.0099009900990099,0.0099009900990099,0.0099009900990099,0.0099009900990099,1.23657341459093e-158,2.88158742423122e-10,0,2.19473107764828e-25
"85001",0,0.000209381247884884,0.0099009900990099,0.0099009900990099,0.0099009900990099,0.0099009900990099,0,6.00811546056594e-05,0,3.49953581687587e-05
"85002",0,2.69115846769818e-25,0.0099009900990099,0.0099009900990099,0.0099009900990099,0.0099009900990099,1.53593007060783e-270,7.7197898856527e-15,0,2.41712211594083e-25
"85003",0,8.05430287055375e-45,0.0099009900990099,0.0099009900990099,0.0099009900990099,0.0099009900990099,4.99812966363958e-133,1.56128301952409e-19,0,5.48310292664821e-45
"85004",3.38707094966457e-281,6.32759837537938e-18,0.0099009900990099,0.0099009900990099,0.0099009900990099,0.0099009900990099,5.46898437247578e-110,2.47476013441755e-11,1.68333645739242e-281,4.91280956801741e-18
"88001",2.6316146687268e-300,3.75190153364534e-08,0.0099009900990099,0.0099009900990099,0.0099009900990099,0.0099009900990099,3.57545316948936e-109,4.23001370815948e-05,2.63161466872888e-300,3.75190153364465e-08
"89002",0,2.28583631038436e-22,0.0099009900990099,0.0099009900990099,0.0099009900990099,0.0099009900990099,2.5452428957804e-89,4.66994811794317e-07,0,2.7205150757349e-22
"89003",0,1.75322769264321e-29,0.0099009900990099,0.0099009900990099,0.0099009900990099,0.0099009900990099,2.08558366027417e-163,5.73888630483754e-11,0,5.34891695489788e-29
"89005",0,5.68894309344592e-46,0.0099009900990099,0.0099009900990099,0.0099009900990099,0.0099009900990099,6.83877692445405e-116,1.12390286035986e-19,0,5.6889430934467e-46
"89007",2.54806674464139e-218,2.05310134800557e-18,0.0099009900990099,0.0099009900990099,0.0099009900990099,0.0099009900990099,1.69435301096362e-62,1.21582006343986e-07,4.91562512843418e-218,2.27440178241174e-18
"90003",0,1.64370308777738e-34,0.0099009900990099,0.0099009900990099,0.0099009900990099,0.0099009900990099,8.18874733976662e-107,4.46446745471459e-15,0,1.64370308777838e-34
"9002",0,1.72051090674139e-14,0.0099009900990099,0.0099009900990099,0.0099009900990099,0.0099009900990099,8.83678078244404e-130,1.12539583158345e-05,0,2.1218282627586e-14
"9003",0,2.10254219689797e-26,0.0099009900990099,0.0099009900990099,0.0099009900990099,0.0099009900990099,4.22029771611442e-66,3.06700461437196e-09,0,1.96544707961182e-26
"9004",0,5.49969232277563e-06,0.0099009900990099,0.0099009900990099,0.0099009900990099,0.0099009900990099,9.1423420267704e-59,0.0453453432929384,0,6.24284271594925e-06
"9005",0,5.54395021735267e-16,0.0099009900990099,0.0099009900990099,0.0099009900990099,0.0099009900990099,9.88917947787982e-66,1.19247803353267e-06,0,6.00421840844091e-16
"92001",0,3.63222554950285e-18,0.0099009900990099,0.0099009900990099,0.0099009900990099,0.0099009900990099,0,1.46501315389149e-10,0,3.63222554950404e-18
"93001",0,2.34181950150536e-31,0.0099009900990099,0.0099009900990099,0.0099009900990099,0.0099009900990099,1.46123902742434e-207,2.50377496986308e-12,0,2.34181950150837e-31
"94001",0,1.79607651985967e-19,0.0099009900990099,0.0099009900990099,0.0099009900990099,0.0099009900990099,0,9.57217687189167e-10,0,1.79607651986198e-19
"95001",0,1.00039244135738e-18,0.0099009900990099,0.0099009900990099,0.0099009900990099,0.0099009900990099,5.9809333139499e-175,1.65871658434768e-10,0,1.00039244135719e-18
"96001",0,4.01790957602576e-25,0.0099009900990099,0.0099009900990099,0.0099009900990099,0.0099009900990099,1.05355713687743e-119,1.08646564298167e-15,0,4.01790957602501e-25
"96002",0,9.56929625725302e-25,0.0099009900990099,0.0099009900990099,0.0099009900990099,0.0099009900990099,2.79868488776889e-186,3.40021953727282e-16,0,9.56929625724878e-25
"96004",4.93203047327453e-219,2.8715481244496e-21,0.0099009900990099,0.0099009900990099,0.0099009900990099,0.0099009900990099,1.22944926578855e-74,4.5414230738813e-11,4.9320304732885e-219,2.87154812444966e-21
"97002",0,6.0315715249399e-10,0.0099009900990099,0.0099009900990099,0.0099009900990099,0.0099009900990099,1.56866901225716e-162,4.2208170883243e-08,0,3.63537343820626e-10
